Category Name,URL
Clothing,//www.daraz.com.np/womens-clothing/
Clothing,javascript:void(0)
Tops & T-shirts,//www.daraz.com.np/tops/
Hoodies & Sweatshirts,//www.daraz.com.np/womens-hoodies-sweatshirts/
Sweaters & Cardigans,//www.daraz.com.np/womens-sweaters/
Jackets & Coats,//www.daraz.com.np/women-jackets-coats/
Pants & Leggings,//www.daraz.com.np/womens-pants-trousers/
Jeans,//www.daraz.com.np/womens-jeans/
Shorts,//www.daraz.com.np/clothing-shorts/
Skirts,//www.daraz.com.np/womens-skirts/
Dresses,//www.daraz.com.np/womens-dresses/
Party Wear,//www.daraz.com.np/womens-party-wear/
Traditional Clothing,//www.daraz.com.np/womens-traditional-clothing/
Traditional Clothing,javascript:void(0)
Saree,//www.daraz.com.np/womens-sarees/
Kurtas,//www.daraz.com.np/womens-shalwar-kameez/
Kurtis,//www.daraz.com.np/womens-kurtis/
Lehenga,//www.daraz.com.np/womens-party-wear/
Unstitched Fabric,//www.daraz.com.np/womens-lawn/
"Dupattas, Stoles & Shawls",//www.daraz.com.np/womens-dupattas-stoles-shawls/
Women's Bags,//www.daraz.com.np/womens-bags/
Women's Bags,javascript:void(0)
Backpacks,//www.daraz.com.np/womens-backpacks/
Crossbody Bags,//www.daraz.com.np/cross-body-shoulder-bags/
Wallets & Cardholders,//www.daraz.com.np/wallets-accessories/
Clutches,//www.daraz.com.np/womens-clutch-bags/
Top-handle Bags,//www.daraz.com.np/womens-office-digital/
Shoes,//www.daraz.com.np/womens-shoes/
Shoes,javascript:void(0)
Sneakers,//www.daraz.com.np/womens-sneakers/
Boots,//www.daraz.com.np/womens-boots/
Flat Shoes,//www.daraz.com.np/womens-flat-shoes/
Heels,//www.daraz.com.np/womens-heels/
Sandals,//www.daraz.com.np/womens-flats-sandals/
Wedges,//www.daraz.com.np/womens-wedges/
Accessories,//www.daraz.com.np/womens-accessories/
Accessories,javascript:void(0)
Belts,//www.daraz.com.np/women-belts/
Scarves & Mufflers,//www.daraz.com.np/womens-scarves-mufflers/
Gloves,//www.daraz.com.np/womens-gloves/
Hats & Caps,//www.daraz.com.np/womens-hats-caps-gloves/
Hair Accessories,//www.daraz.com.np/women-hair-accessories/
Socks & Tights,//www.daraz.com.np/womens-socks-stockings/
"Lingerie, Sleep & Lounge",//www.daraz.com.np/womens-lingerie-sleepwear/
"Lingerie, Sleep & Lounge",javascript:void(0)
Bras,//www.daraz.com.np/womens-bras/
Lingerie Sets,//www.daraz.com.np/womens-lingerie/
Panties,//www.daraz.com.np/womens-panties/
Sleep & Lounge Wear,//www.daraz.com.np/womens-nightwear/
Robes,//www.daraz.com.np/women-robes/
Shapewear,//www.daraz.com.np/womens-shapewear/
Sexy Lingerie,//www.daraz.com.np/sexy-lingerie/
Accessories,//www.daraz.com.np/lingerie-accessories/
Girl's Fashion,//www.daraz.com.np/fashion-girls/?spm=a2a0e.searchlist.breadcrumb.3.b1cb17a9AYTW9r
Girl's Fashion,javascript:void(0)
Girl's Clothing,//www.daraz.com.np/baby-girls-clothing/
Girl's Shoes,//www.daraz.com.np/girls-shoes/
Girl's Accessories,//www.daraz.com.np/fashion-girls-accessories/
Bath & Body,//www.daraz.com.np/bath-body/
Bath & Body,javascript:void(0)
Body & Massage Oils,//www.daraz.com.np/body-oils/
Body Soaps & Shower Gels,//www.daraz.com.np/soaps-wash/
Body Moisturizers,//www.daraz.com.np/body-lotion-butter/
Foot Care,//www.daraz.com.np/foot-care/
Hair Removal,//www.daraz.com.np/hair-removal-tools/
Bath & Body Accessories,//www.daraz.com.np/bath-body-accessories/
Body Scrubs,//www.daraz.com.np/body-wash-scrubs/
Hand Care,//www.daraz.com.np/hand-care/
Beauty Tools,//www.daraz.com.np/health-beauty-tools/
Beauty Tools,javascript:void(0)
Curling Irons & Wands,//www.daraz.com.np/hair-curlers/
Flat Irons,//www.daraz.com.np/hair-straighteners/
Hair Dryers,//www.daraz.com.np/hair-dryers/
Hair Removal Appliances,//www.daraz.com.np/hair-removal-appliances/
Fragrances,//www.daraz.com.np/fragrances/
Fragrances,javascript:void(0)
Women Fragrances,//www.daraz.com.np/womens-fragrance/
Men Fragrances,//www.daraz.com.np/mens-fragrance/
Deodorants,//www.daraz.com.np/deodorants/
Hair Care,//www.daraz.com.np/hair-care/
Hair Care,javascript:void(0)
Shampoo,//www.daraz.com.np/hair-shampoo/
Hair Treatments,//www.daraz.com.np/treatments/
Hair Care Accessories,//www.daraz.com.np/hair-care-accessories/
Hair Brushes & Combs,//www.daraz.com.np/hair-care-brushes-combs/
Hair Coloring,//www.daraz.com.np/hair-color/
Hair Conditioner,//www.daraz.com.np/hair-conditioner/
Hair Styling,//www.daraz.com.np/hair-styling/
Makeup,//www.daraz.com.np/womens-make-up/
Makeup,javascript:void(0)
Foundation,//www.daraz.com.np/womens-foundation/
Lips,//www.daraz.com.np/lips/
Eyes,//www.daraz.com.np/eye-makeup/
Nails,//www.daraz.com.np/nails-makeup/
Brushes & Sets,//www.daraz.com.np/tools-brushes/
Makeup Accessories,//www.daraz.com.np/makeup-accessories/
Makeup Removers,//www.daraz.com.np/womens-make-up-remover/
Men's Care,//www.daraz.com.np/mens-grooming/
Men's Care,javascript:void(0)
Hair Care,//www.daraz.com.np/men-hair-care/
Deodorants,//www.daraz.com.np/men-deodorant/
Skin Care,//www.daraz.com.np/mens-skin-care/
Shaving & Grooming,//www.daraz.com.np/mens-shaving-grooming/
Bath & Body,//www.daraz.com.np/mens-body-care/
Personal Care,//www.daraz.com.np/personal-care/
Personal Care,javascript:void(0)
Oral Care,//www.daraz.com.np/oral-care-products/
Sexual Wellness,//www.daraz.com.np/sexual-wellness/
Deodorants,//www.daraz.com.np/deodorants/
Skin Care,//www.daraz.com.np/skincare/
Skin Care,javascript:void(0)
Face Scrubs & Exfoliators,//www.daraz.com.np/mens-face/
Facial Cleansers,//www.daraz.com.np/face-wash/
Food Supplements,//www.daraz.com.np/health-supplements/
Food Supplements,javascript:void(0)
Beauty Supplements,//www.daraz.com.np/beauty-supplements/
Multivitamins,//www.daraz.com.np/multivitamin-supplements/
Weight Management,//www.daraz.com.np/weight-management/
Well Being,//www.daraz.com.np/well-being/
Medical Supplies,//www.daraz.com.np/health-care/
Medical Supplies,javascript:void(0)
First Aid Supplies,//www.daraz.com.np/first-aid-supplies/
Health Monitors & Tests,//www.daraz.com.np/health-monitors-tests/
Clothing,//www.daraz.com.np/mens-clothing/
Clothing,javascript:void(0)
Casual Tops,//www.daraz.com.np/mens-casual-tops/
Polo Shirts,//www.daraz.com.np/mens-polo-shirts/
Shirts,//www.daraz.com.np/mens-shirts/
Jeans,//www.daraz.com.np/mens-jeans/
Pants,//www.daraz.com.np/mens-pants-trousers/
Suits,//www.daraz.com.np/men-clothing-suits-ties/
Jackets & Coats,//www.daraz.com.np/men-jackets-coats/
Hoodies & Sweatshirts,//www.daraz.com.np/mens-hoodies/
Sweaters & Cardigans,//www.daraz.com.np/men-sweaters-cardigans/
Men's Bags,//www.daraz.com.np/mens-bags/
Men's Bags,javascript:void(0)
Backpacks,//www.daraz.com.np/men-bags-backpacks/
Crossbody Bags,//www.daraz.com.np/mens-formal-bags/
Messenger Bags,//www.daraz.com.np/men-messenger-bags/
Business Bags,//www.daraz.com.np/backpacks-and-briefcases/
Wallets & Accessories,//www.daraz.com.np/mens-wallets-cardholders/
Shoes,//www.daraz.com.np/mens-shoes/
Shoes,javascript:void(0)
Slip-Ons & Loafers,//www.daraz.com.np/mens-slip-ons/
Flip Flops & Sandals,//www.daraz.com.np/mens-sandals-slippers/
Sneakers,//www.daraz.com.np/mens-sneakers/?spm=a2a0e.searchlist.breadcrumb.5.63d86fe8CSL0tQ
Formal Shoes,//www.daraz.com.np/mens-formal-shoes/
Boots,//www.daraz.com.np/mens-boots/
Shoes Accessories,//www.daraz.com.np/mens-shoe-care/?spm=a2a0e.searchlist.breadcrumb.5.19ac3317hYcgkC
Accessories,//www.daraz.com.np/men-accessories/
Accessories,javascript:void(0)
Scarves,//www.daraz.com.np/mens-scarves-mufflers/
Ties & Bow Ties,//www.daraz.com.np/mens-ties-cufflinks/
Socks,//www.daraz.com.np/mens-socks/
Belts,//www.daraz.com.np/fashion-mens-belts/
Hats & Caps,//www.daraz.com.np/men-accessories-hats/
Gloves,//www.daraz.com.np/mens-gloves/
Boy's Fashion,//www.daraz.com.np/fashion-boys/
Boy's Fashion,javascript:void(0)
Boy's Clothing,//www.daraz.com.np/boys-clothing/
Boy's Shoes,//www.daraz.com.np/boys-shoes/
Boy's Accessories,//www.daraz.com.np/fashion-boys-accessories/
Men's Underwear,//www.daraz.com.np/clothing-men-underwear/
Men's Underwear,javascript:void(0)
Briefs,//www.daraz.com.np/mens-briefs/
Vests,//www.daraz.com.np/mens-waistcoats/
Trunks & Boxers,//www.daraz.com.np/mens-boxers/
Men's Watches,//www.daraz.com.np/mens-watches/
Men's Watches,javascript:void(0)
Business,//www.daraz.com.np/mens-analog/
Fashion,//www.daraz.com.np/mens-chronograph/
Women's Watches,//www.daraz.com.np/womens-watches/
Women's Watches,javascript:void(0)
Fashion,//www.daraz.com.np/womens-fashion-watches-wsj/
Business,//www.daraz.com.np/womens-business-watches-wsj/
Kid's Watches,//www.daraz.com.np/kids-watches-wsj/
Sunglasses,//www.daraz.com.np/sunglasses/
Sunglasses,javascript:void(0)
Men Sunglasses,//www.daraz.com.np/mens-sunglasses/
Women Sunglasses,//www.daraz.com.np/womens-sunglasses/
Kids Sunglasses,//www.daraz.com.np/kids-sunglasses/
Eyeglasses,//www.daraz.com.np/eyeglasses/
Eyeglasses,javascript:void(0)
Women Eyeglasses,//www.daraz.com.np/womens-eyeglasses/
Men Eyeglasses,//www.daraz.com.np/mens-eyeglasses/
Women Fashion Jewellery,//www.daraz.com.np/womens-jewellery/
Women Fashion Jewellery,javascript:void(0)
Earrings,//www.daraz.com.np/womens-earrings/
Bracelets,//www.daraz.com.np/womens-bangles-bracelets/
Jewellery sets,//www.daraz.com.np/womens-jewellery-sets/
Necklaces,//www.daraz.com.np/womens-necklaces-chains/
Pendants,//www.daraz.com.np/womens-pendants/
Rings,//www.daraz.com.np/womens-rings/
Men Fashion Jewellery,//www.daraz.com.np/mens-jewellery/
Men Fashion Jewellery,javascript:void(0)
Bracelets,//www.daraz.com.np/mens-fashion-bracelets/
Rings,//www.daraz.com.np/mens-rings/
Smartphones,//www.daraz.com.np/smartphones/
Smartphones,javascript:void(0)
Samsung Mobiles,//www.daraz.com.np/smartphones/samsung-brand/?spm=a2a0e.searchlistcategory.cate_1_1.1.2adc3056U88ocZ
Realme Mobiles,//www.daraz.com.np/smartphones/realme/?spm=a2a0e.searchlist.cate_1_1.8.22e6143eZywjWy
Redmi/Poco Mobiles,//www.daraz.com.np/smartphones/?spm=a2a0e.searchlist.cate_1_1.2.7c00689b9clhEB&vatsal-impex-pvt-ltd&from=wangpu
Apple iPhones,//www.daraz.com.np/smartphones/apple/?spm=a2a0e.searchlistcategory.cate_1_1.7.552f3d69Mlqlx5
OnePlus Mobiles,//www.daraz.com.np/smartphones/oneplus_brand/
Narzo by Realme,//www.daraz.com.np/smartphones/narzo-by-realme-124051041/
INFINIX Mobiles,//www.daraz.com.np/smartphones/infinix/?spm=a2a0e.seller.cate_1_1.4.ad093056ouY36f
Nokia Mobiles,//www.daraz.com.np/smartphones/nokia/?spm=a2a0e.searchlistcategory.cate_1_1.9.12e2ca9ejohwVM
Motorola Mobiles,//www.daraz.com.np/smartphones/?q=motorola&from=input
VIVO Mobiles,//www.daraz.com.np/smartphones/vivo/?spm=a2a0e.searchlistcategory.cate_1_1.5.3ff4917bsU3zJf
OPPO Mobiles,//www.daraz.com.np/smartphones/oppo/?spm=a2a0e.searchlistcategory.cate_1_1.6.4bf879d9Twv8nH
Micromax Mobiles,//www.daraz.com.np/smartphones/micromax/
Feature Phones,//www.daraz.com.np/featurephones/
Tablets,//www.daraz.com.np/tablets/
Tablets,javascript:void(0)
Apple iPads,//www.daraz.com.np/tablets/apple/
Samsung Tablets,//www.daraz.com.np/tablets/samsung/
Lenovo Tablets,//www.daraz.com.np/tablets/lenovo/
Amazon Tablets,//www.daraz.com.np/tablets/amazon/
TCL Tablets,//www.daraz.com.np/tablets/tcl/
XP-PEN Graphic Tablet,//www.daraz.com.np/tablets/?q=XP-PEN+Graphic+Tablet&from=input
Wacom Graphic Tablet,//www.daraz.com.np/tablets/wacom/
Laptops,//www.daraz.com.np/laptops/
Laptops,javascript:void(0)
Macbooks,//www.daraz.com.np/laptops/apple/
Dell Laptops,//www.daraz.com.np/laptops/dell/
Lenovo Laptops,//www.daraz.com.np/laptops/lenovo/
Acer Laptops,//www.daraz.com.np/laptops/acer/
HP Laptops,//www.daraz.com.np/laptops/hp/
ASUS Laptops,//www.daraz.com.np/laptops/asus/
MI Laptops,//www.daraz.com.np/laptops/mi/
CHUWI Laptops,//www.daraz.com.np/laptops/chuwi/
MSI Laptops,//www.daraz.com.np/laptops/msi/
AVITA Laptops,//www.daraz.com.np/laptops/avita/
Microsoft Laptops,//www.daraz.com.np/laptops/microsoft/
Huawei Laptops,//www.daraz.com.np/laptops/huawei_brand/
Desktops,//www.daraz.com.np/desktop-computer/
Desktops,javascript:void(0)
All-In-One,//www.daraz.com.np/computer-all-in-ones/
Gaming Desktops,//www.daraz.com.np/gaming-desktops-monitors/
Monitors,//www.daraz.com.np/computer-monitors/?spm=a2a0e.searchlist.breadcrumb.4.37bb26aaPsFg1v
Gaming Consoles,//www.daraz.com.np/gaming-consoles/
Cameras,//www.daraz.com.np/camera/
Cameras,javascript:void(0)
Action/Video Cameras,//www.daraz.com.np/camcorders/
Security Cameras,//www.daraz.com.np/security-cameras/
DSLR Cameras,//www.daraz.com.np/dslr-hybrid-cameras/
Instant Cameras,//www.daraz.com.np/instant-camera/
Camera Accessories,//www.daraz.com.np/camera-accessories/
Printers,//www.daraz.com.np/multi-function-printers/
Printers,javascript:void(0)
Printers,//www.daraz.com.np/multi-function-printers/
Ink & Toners,//www.daraz.com.np/printer-ink/
Daraz Like New,//www.daraz.com.np/like-new-phone/
Daraz Like New,javascript:void(0)
Like New Phones,//www.daraz.com.np/like-new-phone/
Televisions,//www.daraz.com.np/televisions/?spm=a2a0e.pdp.breadcrumb.2.479371ccITiyaq
Televisions,javascript:void(0)
LED Televisions,//www.daraz.com.np/led-tvs/
Smart Televisions,//www.daraz.com.np/smart-tvs/
OLED Televisions,//www.daraz.com.np/oled-tvs/
TV Accessories,//www.daraz.com.np/tv-accessories/
TV Accessories,javascript:void(0)
TV Receivers,//www.daraz.com.np/tv-receivers/
Wall Mounts & Protectors,//www.daraz.com.np/projectors/
Audio & Video Devices,//www.daraz.com.np/consumer-electronics/
Audio & Video Devices,javascript:void(0)
Soundbars,//www.daraz.com.np/sound-bars/
Home Entertainment,//www.daraz.com.np/audio-home-entertainment/
Portable Players,//www.daraz.com.np/mp3-players-ipods/
Live Sound & Stage Equipment,//www.daraz.com.np/live-sound-stage/
Blu-Ray/DVD Players,//www.daraz.com.np/dvd-players/?spm=a2a0e.searchlistcategory.cate_3_1.6.341c35cerIcrEo
Projectors,//www.daraz.com.np/computing-projectors/?spm=a2a0e.searchlistcategory.cate_3_1.1.341c35cerIcrEo
Large Appliances,//www.daraz.com.np/cooking-appliances/?page=1&sort=popularity&spm=a2a0e.pdp.breadcrumb.2.437b5bdfT9gbVi
Large Appliances,javascript:void(0)
Washing Machines,//www.daraz.com.np/washing-machines/?spm=a2a0e.searchlist.breadcrumb.4.72ff42b6BwLSUx
Refrigerators,//www.daraz.com.np/refrigerators/
Oven,//www.daraz.com.np/large-ovens/
Freezer,//www.daraz.com.np/freezers/
Cooktop & Range,//www.daraz.com.np/cooktops/
Small Kitchen Appliances,//www.daraz.com.np/small-kitchen-appliances/
Small Kitchen Appliances,javascript:void(0)
Rice Cooker,//www.daraz.com.np/rice-cookers/
"Blender, Mixer & Grinder",//www.daraz.com.np/food-preparation/
Microwave,//www.daraz.com.np/microwaves/
Electric Kettles & Thermo Pots,//www.daraz.com.np/electric-kettles-thermo-pots/?spm=a2a0e.pdp.breadcrumb.3.70da5f3erp2EJW
Juicer & Fruit Extraction,//www.daraz.com.np/juicers/
Fryer,//www.daraz.com.np/fryers/
Water Purifier,//www.daraz.com.np/water-purifiers-filters-accessories/
Water Dispensers,//www.daraz.com.np/water-dispensers/?spm=a2a0e.pdp.breadcrumb.4.74263447myNLuF
Toasters,//www.daraz.com.np/toasters/?spm=a2a0e.pdp.breadcrumb.3.ce0e5b55yatkrL
Other Small Kitchen Appliances,//www.daraz.com.np/specialty-cookware-appliances/
Cooling & Heating,//www.daraz.com.np/cooling-heating/
Cooling & Heating,javascript:void(0)
Fan,//www.daraz.com.np/fans/
Air Conditioner,//www.daraz.com.np/air-conditioners/
Air Cooler,//www.daraz.com.np/portable-ac/
Air Purifier,//www.daraz.com.np/air-purifiers/
Heaters,//www.daraz.com.np/heaters/?spm=a2a0e.searchlistcategory.card.2.6d7d4240ilxd6K&item_id=137421&from=onesearch_category_357
Water Heaters,//www.daraz.com.np/hot-water-systems/
Vacuums & Floor Care,//www.daraz.com.np/floorcare-appliances/
Vacuums & Floor Care,javascript:void(0)
Vacuum Cleaner,//www.daraz.com.np/vacuum-cleaners/
Floor Polisher,//www.daraz.com.np/floor-polishers/
Vacuum Cleaner Parts,//www.daraz.com.np/vacuum-bags-accessories/
Iron & Garment Care,//www.daraz.com.np/garment-care/
Iron & Garment Care,javascript:void(0)
Irons,//www.daraz.com.np/ironing-laundry-appliances/
Sewing Machine,//www.daraz.com.np/sewing-machines/
Mobile Accessories,//www.daraz.com.np/mobiles-tablets-accessories/
Mobile Accessories,javascript:void(0)
Phone Cases,//www.daraz.com.np/mobile-cases-covers/
Screen Protectors,//www.daraz.com.np/mobile-surface-screen-protectors/
Power Banks,//www.daraz.com.np/mobile-power-banks/
Cables & Converters,//www.daraz.com.np/other-phone-tablet-accessories/
Wall Chargers,//www.daraz.com.np/phone-tablet-chargers/
Wireless Chargers,//www.daraz.com.np/bluetooth-accessories/
Tablet Accessories,//www.daraz.com.np/accessories-tablet/
Parts & Tools,//www.daraz.com.np/mobiles-tablets-parts-tools/
Audio,//www.daraz.com.np/audio/
Audio,javascript:void(0)
Headphones & Headsets,//www.daraz.com.np/headphones-headsets/
Gaming Headsets,//www.daraz.com.np/gaming-headsets/
Bluetooth Speakers,//www.daraz.com.np/portable-speakers/
Wearable,//www.daraz.com.np/wearable-technology/
Wearable,javascript:void(0)
Smartwatches,//www.daraz.com.np/smart-watches/
Virtual Reality,//www.daraz.com.np/virtual-reality/
Fitness & Activity Trackers,//www.daraz.com.np/fitness-trackers/
Console Accessories,//www.daraz.com.np/gaming-accessories/
Console Accessories,javascript:void(0)
PlayStation Controllers,//www.daraz.com.np/gaming-controllers/
Camera Accessories,//www.daraz.com.np/camera-accessories/
Camera Accessories,javascript:void(0)
Memory Cards,//www.daraz.com.np/camera-memory-cards/
Lenses,//www.daraz.com.np/camera-lenses/
Tripods & Monopods,//www.daraz.com.np/tripods-monopods/
"Camera Cases, Covers and Bags",//www.daraz.com.np/camera-bags/
Action Camera Accessories,//www.daraz.com.np/sport-action-camera-accessories/
Lighting & Studio Equipment,//www.daraz.com.np/lighting-studio-equipment/
Batteries,//www.daraz.com.np/camera-batteries/
Computer Accessories,//www.daraz.com.np/computing-peripherals-accessories/
Computer Accessories,javascript:void(0)
Monitors,//www.daraz.com.np/computer-monitors/
Keyboards,//www.daraz.com.np/keyboard/
Mice,//www.daraz.com.np/mouse/
Adapters & Cables,//www.daraz.com.np/computer-adapters/
PC Audio,//www.daraz.com.np/pc-audio/
DIY Desktop Parts,//www.daraz.com.np/computer-towers/
Storage,//www.daraz.com.np/computing-storage/
Storage,javascript:void(0)
External Hard Drives,//www.daraz.com.np/external-hard-drives/
Internal Hard Drives,//www.daraz.com.np/internal-hard-drives/
Flash Drives,//www.daraz.com.np/usb-flash-drives/
Computer Components,//www.daraz.com.np/components-spare-parts/
Computer Components,javascript:void(0)
Graphic Cards,//www.daraz.com.np/computer-graphic-cards/
Desktop Casings,//www.daraz.com.np/casing/
Motherboards,//www.daraz.com.np/motherboard/
Processors,//www.daraz.com.np/processor/
Cooling Fans,//www.daraz.com.np/other-computer-accessories/
Network Components,//www.daraz.com.np/networking/
Network Components,javascript:void(0)
Access Points,//www.daraz.com.np/access-points/
Modems,//www.daraz.com.np/modems/
Network Switches,//www.daraz.com.np/network-switches/
Routers,//www.daraz.com.np/routers/
Wireless USB Adapter,//www.daraz.com.np/wireless-usb-adapters/
Printers,//www.daraz.com.np/multi-function-printers/
Printers,javascript:void(0)
Printers,//www.daraz.com.np/multi-function-printers/
Ink & Toners,//www.daraz.com.np/printer-ink/
Groceries,//www.daraz.com.np/groceries/?spm=a2a0e.pdp.breadcrumb.1.4d5eSGUISGUIbg
Beverages,//www.daraz.com.np/beverages/
Beverages,javascript:void(0)
Coffee,//www.daraz.com.np/coffee-espresso/
Tea,//www.daraz.com.np/tea/
Juices,//www.daraz.com.np/juices-non-carbonated-drinks/
Powdered Drink Mixes,//www.daraz.com.np/milk-powder-and-milk-modifiers/
Soft Drinks,//www.daraz.com.np/groceries-beverages-soft-drinks/?spm=a2a0e.pdp.breadcrumb.3.1e2721851OUCtq
"Breakfast, Choco & Snacks",//www.daraz.com.np/breakfast/
"Breakfast, Choco & Snacks",javascript:void(0)
Biscuit,//www.daraz.com.np/biscuits-cookies/
Breakfast Cereals,//www.daraz.com.np/cereal/
Chocolate,//www.daraz.com.np/chocolates/
Chips & Crisps,//www.daraz.com.np/chips-crisps/
"Jam,Spreads & Honey",//www.daraz.com.np/groceries-breakfast-jams-honey-spreads/
Food Staples,//www.daraz.com.np/canned-packaged-foods/
Food Staples,javascript:void(0)
Home Baking & Sugar,//www.daraz.com.np/groceries-baking-cooking-home-baking-sugar/
Instant & Ready-to-Eat,//www.daraz.com.np/groceries-canned-dry-packaged-food-instant-ready-to-eat/
Rice,//www.daraz.com.np/rice/
Daal,//www.daraz.com.np/groceries-canned-dry-packaged-food-grains-beans-pulses/
Cooking Ingredients,//www.daraz.com.np/groceries-baking-cooking-cooking-ingredients/
Cooking Ingredients,javascript:void(0)
Oil & Ghee,//www.daraz.com.np/oil-ghee/
Seasoning,//www.daraz.com.np/groceries-baking-cooking-cooking-ingredients-seasoning/
Herbs & Spices,//www.daraz.com.np/whole-spices-seeds-herbs/
Laundry & Household,//www.daraz.com.np/laundry-and-home-care/
Laundry & Household,javascript:void(0)
AirCare,//www.daraz.com.np/groceries-laundry-household-aircare/
Cleaning,//www.daraz.com.np/household-cleaners/
Dishwashing,//www.daraz.com.np/groceries-laundry-household-dishwashing/
Laundry,//www.daraz.com.np/laundry-products/
Pest Control,//www.daraz.com.np/groceries-laundry-household-pest-control/
"Wines, Beers & Spirits",//www.daraz.com.np/wines-beers-spirits/
"Wines, Beers & Spirits",javascript:void(0)
Wines,//www.daraz.com.np/wines/
Beer,//www.daraz.com.np/groceries-wines-beers-spirits-beer/
Spirits,//www.daraz.com.np/spirits/
Pet Supplies,//www.daraz.com.np/pet-supplies-shop/
Pet Supplies,javascript:void(0)
Dogs,//www.daraz.com.np/dogs-supplies/
Cats,//www.daraz.com.np/cats-supplies/
Disposable Diapers,//www.daraz.com.np/baby-diapers/
Baby Gear,//www.daraz.com.np/baby-gear/
Baby Gear,javascript:void(0)
Baby Walkers,//www.daraz.com.np/baby-toddler-walkers/
Backpacks & Carriers,//www.daraz.com.np/baby-toddler-carriers/
Car Seats,//www.daraz.com.np/baby-car-seats/
Kids Bag,//www.daraz.com.np/boys-bags/
Strollers,//www.daraz.com.np/baby-toddler-strollers/
"Swings, Jumpers & Bouncers",//www.daraz.com.np/swings-jumpers-bouncers/
Baby Personal Care,//www.daraz.com.np/baby-personal-care/
Baby Personal Care,javascript:void(0)
Baby Bath,//www.daraz.com.np/baby-bubble-bath/
Bathing Tubs & Seats,//www.daraz.com.np/bath-tubs-seats/
"Soaps, Cleansers & Bodywash",//www.daraz.com.np/baby-soaps-cleaners/
Clothing & Accessories,//www.daraz.com.np/baby-clothings-accessories/
Clothing & Accessories,javascript:void(0)
Girls' Clothing,//www.daraz.com.np/baby-girls-clothing-and-accessories/
Girls' Shoes,//www.daraz.com.np/baby-girls-shoes/
Boys' Clothing,//www.daraz.com.np/baby-boys-clothing/
New Born Unisex (0 - 6 months),//www.daraz.com.np/new-born-baby-clothing/
New Born Sets & Packs,//www.daraz.com.np/sets-packs/
Diapering & Potty,//www.daraz.com.np/baby-toddler-diapers-potties/
Diapering & Potty,javascript:void(0)
Potty Chair,//www.daraz.com.np/potty-chair/
Wipes & Holders,//www.daraz.com.np/wipes-holders/
Disposable Diapers,//www.daraz.com.np/baby-diapers/
Feeding,//www.daraz.com.np/feeding/
Feeding,javascript:void(0)
Milk Formula,//www.daraz.com.np/formula-milk/
Utensils,//www.daraz.com.np/baby-utensils/
Nursery,//www.daraz.com.np/baby-toddler-nursery/
Nursery,javascript:void(0)
Mattresses & Bedding,//www.daraz.com.np/mattresses-bedding/
Sanitizers,//www.daraz.com.np/kids-sanitizers/
Baby & Toddler Toys,//www.daraz.com.np/baby-toddler-toys-games/
Baby & Toddler Toys,javascript:void(0)
Activity Gym & Playmats,//www.daraz.com.np/activity-play-centers/
Basic & Life Skills Toys,//www.daraz.com.np/basic-life-skills-toys/
Bath Toys,//www.daraz.com.np/bath-toys/
Crib Toys & Attachments,//www.daraz.com.np/baby-crib-toys/
Early Development Toys,//www.daraz.com.np/early-development-toys/
Reading & Writing,//www.daraz.com.np/reading-writing-toys/
Toys & Games,//www.daraz.com.np/toys-games/
Toys & Games,javascript:void(0)
Action Figures & Collectibles,//www.daraz.com.np/toys-action-figures-collectibles/
Arts & Crafts for Kids,//www.daraz.com.np/toys-arts-craft/
Blocks & Building Toys,//www.daraz.com.np/blocks-building-toys-games/
Dolls & Accessories,//www.daraz.com.np/dolls-accessories/
Dress Up & Pretend Play,//www.daraz.com.np/kids-dress-up/
Electronic Toys,//www.daraz.com.np/electronic-toys/
Learning & Education,//www.daraz.com.np/educational-toys-games/
Party Supplies,//www.daraz.com.np/party-supplies/
Puzzle,//www.daraz.com.np/toys-puzzles/
Stuffed Toys,//www.daraz.com.np/stuffed-animals-plush
Traditional Games,//www.daraz.com.np/traditional-games/
Baby & Toddler Toys,//www.daraz.com.np/activity-play-centers
Remote Control & Vehicles,//www.daraz.com.np/remote-control-toys-and-play-vehicles/
Remote Control & Vehicles,javascript:void(0)
Die-Cast Vehicles,//www.daraz.com.np/die-cast-cars/
Drones & Accessories,//www.daraz.com.np/drones-and-accessories/
Play Trains & Railway Sets,//www.daraz.com.np/model-railway-and-train-sets/
Play Vehicles,//www.daraz.com.np/play-vehicles-toys/
Sports & Outdoor Play,//www.daraz.com.np/sports-and-outdoor-play/
Sports & Outdoor Play,javascript:void(0)
Swimming Pool & Water Toys,//www.daraz.com.np/swimming-pool-and-water-toys/
Pacifiers & Accessories,//www.daraz.com.np/pacifiers-and-accessories/?spm=a2a0e.searchlist.breadcrumb.3.19cb5b37outm3t
Bath,//www.daraz.com.np/bath/
Bath,javascript:void(0)
Bath Mats,//www.daraz.com.np/bath-mats-rugs/
Bath Towels,//www.daraz.com.np/bath-towels/
Bathrobes,//www.daraz.com.np/bathrobes/
Bathroom Scales,//www.daraz.com.np/bathroom-scales/
Bathroom Shelving,//www.daraz.com.np/shop-storage-bathroom-shelves/
Shower Caddies & Hangers,//www.daraz.com.np/shower-holders-hangers/
Shower Curtains,//www.daraz.com.np/shower-curtains/
Bedding,//www.daraz.com.np/bedding/?spm=a2a0e.searchlistcategory.breadcrumb.3.6b6912c24LfJkb
Bedding,javascript:void(0)
Bed Sheets,//www.daraz.com.np/bedsheets/
Bedding Accessories,//www.daraz.com.np/bedding-accessories/
Blankets & Throws,//www.daraz.com.np/blankets-throws/
"Comforters, Quilts & Duvets",//www.daraz.com.np/comforters-quilts/
Mattress Protectors,//www.daraz.com.np/bedding-mattress-pads-protectors/
Pillow Cases,//www.daraz.com.np/pillows/
Pillows & Bolsters,//www.daraz.com.np/anti-allergy-pillows/
Decor,//www.daraz.com.np/home-decoration/
Decor,javascript:void(0)
Artificial Flowers & Plants,//www.daraz.com.np/artificial-flowers-plants/
Candles & Candleholders,//www.daraz.com.np/candles-candle-holders/
Clocks,//www.daraz.com.np/clocks/
Curtains,//www.daraz.com.np/curtains-blinds-shades/
Cushions & Covers,//www.daraz.com.np/cushions/
Mirrors,//www.daraz.com.np/mirrors/
Picture Frames,//www.daraz.com.np/picture-frames/
Rugs & Carpets,//www.daraz.com.np/carpets-rugs/
Vases & Vessels,//www.daraz.com.np/vases/
Furniture,//www.daraz.com.np/furniture/
Furniture,javascript:void(0)
Bedroom,//www.daraz.com.np/bedroom-furniture/
Home Office,//www.daraz.com.np/office-furniture/
Kitchen & Dining,//www.daraz.com.np/kitchen-dining-furniture/
Living Room,//www.daraz.com.np/living-room-furniture/
Kitchen & Dining,//www.daraz.com.np/kitchen-dining/
Kitchen & Dining,javascript:void(0)
Bakeware,//www.daraz.com.np/bakeware/
Coffee & Tea,//www.daraz.com.np/coffee-tea-kitchenware/
Cookware,//www.daraz.com.np/cookware/
Dinnerware,//www.daraz.com.np/dinnerware/
Drinkware,//www.daraz.com.np/drinkware/
Kitchen & Table Linen,//www.daraz.com.np/kitchen-table-linens-accessories/
Kitchen Storage & Accessories,//www.daraz.com.np/kitchen-organizer-storage/
Kitchen Utensils,//www.daraz.com.np/kitchen-tools-accessories/
Knives & Accessories,//www.daraz.com.np/kitchen-knives-accessories/
Serveware,//www.daraz.com.np/serveware/
Lighting,//www.daraz.com.np/lighting/
Lighting,javascript:void(0)
Ceiling Lights,//www.daraz.com.np/ceiling-lights/
Floor Lamps,//www.daraz.com.np/floor-lamps/
Lamp Shades,//www.daraz.com.np/bedside-lamps/
Light Bulbs,//www.daraz.com.np/lighting-bulbs/
Lighting Fixtures & Components,//www.daraz.com.np/lighting-components/
Outdoor Lighting,//www.daraz.com.np/outdoor-lighting/
Rechargeables & Flashlights,//www.daraz.com.np/rechargeable-lights/
Table Lamps,//www.daraz.com.np/table-lamps/
Laundry & Cleaning,//www.daraz.com.np/laundry-cleaning/
Laundry & Cleaning,javascript:void(0)
"Brushes, Sponges & Wipers",//www.daraz.com.np/household-supplies/
"Brooms, Mops & Sweepers",//www.daraz.com.np/mops-refills-mop-sets/
Laundry Baskets & Hampers,//www.daraz.com.np/bathroom-baskets-trays/
Clothes Line & Drying Racks,//www.daraz.com.np/pegs-clothes-lines/
"Tools, DIY & Outdoor",//www.daraz.com.np/home-improvement-tools/
"Tools, DIY & Outdoor",javascript:void(0)
Mask & Filters,//www.daraz.com.np/masks-filters/?spm=a2a0e.searchlist.breadcrumb.4.46f456c5BOLAHL
Lawn & Garden,//www.daraz.com.np/lawn-garden/
Power Tools,//www.daraz.com.np/power-tools/?spm=a2a0e.searchlistcategory.breadcrumb.3.61fa2c0fCAANDO
Fixtures & Plumbing,//www.daraz.com.np/plumbing/
Electrical,//www.daraz.com.np/electrical-equipment/
Security,//www.daraz.com.np/security-system-hardware/
Stationery & Craft,//www.daraz.com.np/stationery-craft/
Stationery & Craft,javascript:void(0)
Art Supplies,//www.daraz.com.np/art-supplies/
Gifts & Wrapping,//www.daraz.com.np/gifts-wrapping/
Packaging & Cartons,//www.daraz.com.np/packaging-products/
Paper Products,//www.daraz.com.np/paper-products/
School & Office Equipment,//www.daraz.com.np/school-supplies/
Writing & Correction,//www.daraz.com.np/writing-utensils/
"Media, Music & Books",//www.daraz.com.np/books-games-music/
"Media, Music & Books",javascript:void(0)
Books,//www.daraz.com.np/books-magazines/
Magazines,//www.daraz.com.np/magazines/
Musical Instruments,//www.daraz.com.np/musical-instruments/
Musical Instruments,javascript:void(0)
Guitars,//www.daraz.com.np/guitars/?spm=a2a0e.searchlistcategory.breadcrumb.4.36d11edcDV32a5
Bass Guitars,//www.daraz.com.np/bass-guitars/?spm=a2a0e.pdp.breadcrumb.3.6cc8795f8nbsPL
Drums & Percussion,//www.daraz.com.np/drums-percussion/?spm=a2a0e.searchlist.breadcrumb.4.50064cfb1WA8zq
Keyboards & Pianos,//www.daraz.com.np/keyboards-pianos/?spm=a2a0e.pdp.breadcrumb.3.decb1722iKHJyG
Guitar & Bass Accessories,//www.daraz.com.np/guitar-bass-accessories-instruments/
Digital Goods,//www.daraz.com.np/digital-goods/
Digital Goods,javascript:void(0)
Home Services,//www.daraz.com.np/home-services/
Activities & Entertainment,//www.daraz.com.np/dg-activities-ent/
Beauty & Wellness,//www.daraz.com.np/dg-beauty-well/
Food & Beverage,//www.daraz.com.np/dg-food-bev/
Hotels & Travel,//www.daraz.com.np/dg-hotel-tra/?spm=a2a0e.searchlist.breadcrumb.4.1b8a296cyOKIVs
Men Shoes & Clothing,//www.daraz.com.np/mens-sports/
Men Shoes & Clothing,javascript:void(0)
Clothing,//www.daraz.com.np/men-sports-clothing/
Shoes,//www.daraz.com.np/mens-sports-shoes/
Accessories,//www.daraz.com.np/men-sports-clothing-accessories/
Bags,//www.daraz.com.np/mens-sports-bags/
Women Shoes & Clothing,//www.daraz.com.np/womens-sports/
Women Shoes & Clothing,javascript:void(0)
Clothing,//www.daraz.com.np/women-sports-clothing/
Shoes,//www.daraz.com.np/womens-sports-shoes/
Accessories,//www.daraz.com.np/women-sport-clothing-accessories/
Bags,//www.daraz.com.np/womens-sports-bags/
Outdoor Recreation,//www.daraz.com.np/outdoor-activities/
Outdoor Recreation,javascript:void(0)
Camping & Hiking,//www.daraz.com.np/camping-hiking/
Bikes,//www.daraz.com.np/bikes/
Bike lights & reflectors,//www.daraz.com.np/lights/
Fishing,//www.daraz.com.np/outdoor-recreation-fishing/?spm=a2a0e.searchlist.breadcrumb.4.3f7265c6IuNjFh
Golf,//www.daraz.com.np/golf/
Skateboards,//www.daraz.com.np/skateboarding/
Exercise & Fitness,//www.daraz.com.np/exercise-fitness/
Exercise & Fitness,javascript:void(0)
Yoga,//www.daraz.com.np/yoga/
Fitness Accessories,//www.daraz.com.np/weights-accessories/
Cardio Equipment,//www.daraz.com.np/cardio-training-equipment/
Weights,//www.daraz.com.np/weight-training/
Water Sports,//www.daraz.com.np/water-sports/
Water Sports,javascript:void(0)
Goggles,//www.daraz.com.np/swimming-goggles/
Diving and Snorkelling,//www.daraz.com.np/diving-snorkeling/
Racket Sports,//www.daraz.com.np/racket-sports/
Racket Sports,javascript:void(0)
Badminton,//www.daraz.com.np/badminton/
Table Tennis,//www.daraz.com.np/table-tennis/
Team Sports,//www.daraz.com.np/team-sports/
Team Sports,javascript:void(0)
Football,//www.daraz.com.np/football/
Basketball,//www.daraz.com.np/Basketball/
Cricket,//www.daraz.com.np/cricket/
Water Bottles,//www.daraz.com.np/sports-water-bottles/
Travel & Luggage,//www.daraz.com.np/travels/
Travel & Luggage,javascript:void(0)
Suitcases,//www.daraz.com.np/wheeled-non-wheeled-suitcases/
Travel Accessories,//www.daraz.com.np/travel-accessories/
Sports Nutrition,//www.daraz.com.np/sp-nutrition/
Automotive,//www.daraz.com.np/automotive/
Automotive,javascript:void(0)
Auto Tools & Equipment,//www.daraz.com.np/tools-equipment/
Auto Parts & Spares,//www.daraz.com.np/auto-parts-spares/
GPS,//www.daraz.com.np/car-gps/
Consoles & Organizers,//www.daraz.com.np/interior-exterior-accessories/
Motorcycles,//www.daraz.com.np/motorcycle/
Motorcycles,javascript:void(0)
Standard Bikes,//www.daraz.com.np/standard-bikes/
Scooters,//www.daraz.com.np/motorcycle-scooters/
Electric Bikes,//www.daraz.com.np/electric-motor-bikes/
Auto Care,//www.daraz.com.np/automotive-exterior-vehicle-care/
Auto Care,javascript:void(0)
Polishes & Waxes,//www.daraz.com.np/car-polish/
Floor Mats & Cargo Liners,//www.daraz.com.np/floor-dashboard-mats/
Air Fresheners,//www.daraz.com.np/air-fresheners/
Auto Electronics,//www.daraz.com.np/car-electronics-accessories/
Auto Electronics,javascript:void(0)
Car Video,//www.daraz.com.np/car-video/
Car Stereo Receivers,//www.daraz.com.np/panels-stereo-system/
In-Dash DVD & Video,//www.daraz.com.np/in-dash-dvd-video-receivers/
Speakers,//www.daraz.com.np/car-speakers/
Moto Parts & Accessories,//www.daraz.com.np/motorcycle-parts-spares/
Moto Parts & Accessories,javascript:void(0)
Drivetrain & Transmission,//www.daraz.com.np/motorcycle-drivetrain-transmission/
Tires & Wheels,//www.daraz.com.np/wheels-tires/
Moto Covers,//www.daraz.com.np/motorcycle-covers/
Parts & Spares,//www.daraz.com.np/auto-parts-spares/
Motorcycle Riding Gear,//www.daraz.com.np/motorcycle-riding-gear/
Motorcycle Riding Gear,javascript:void(0)
Eyewear,//www.daraz.com.np/motorcycle-goggles/
Face Masks,//www.daraz.com.np/motorcycle-riding-gear-face-masks/
Helmets,//www.daraz.com.np/motorcycle-helmets/
Gloves,//www.daraz.com.np/motorcycle-gloves/
Interior Accessories,//www.daraz.com.np/interior-accessories/
Auto Oils & Fluids,//www.daraz.com.np/engine-oils-fluids/
Auto Tires & Wheels,//www.daraz.com.np/wheels-tires/
Lubricants,//www.daraz.com.np/car-care-lubricants/?spm=a2a0e.searchlistcategory.card.1.241b5c25sIXItt&item_id=103346231&from=onesearch_category_3257
