Clothing Type,Transformed URL
Clothing,https://www.daraz.com.np/womens-clothing/?ajax=true&page=iterator&sort=order
Tops & T-shirts,https://www.daraz.com.np/tops/?ajax=true&page=iterator&sort=order
Hoodies & Sweatshirts,https://www.daraz.com.np/womens-hoodies-sweatshirts/?ajax=true&page=iterator&sort=order
Sweaters & Cardigans,https://www.daraz.com.np/womens-sweaters/?ajax=true&page=iterator&sort=order
Jackets & Coats,https://www.daraz.com.np/women-jackets-coats/?ajax=true&page=iterator&sort=order
Pants & Leggings,https://www.daraz.com.np/womens-pants-trousers/?ajax=true&page=iterator&sort=order
Jeans,https://www.daraz.com.np/womens-jeans/?ajax=true&page=iterator&sort=order
Shorts,https://www.daraz.com.np/clothing-shorts/?ajax=true&page=iterator&sort=order
Skirts,https://www.daraz.com.np/womens-skirts/?ajax=true&page=iterator&sort=order
Dresses,https://www.daraz.com.np/womens-dresses/?ajax=true&page=iterator&sort=order
Party Wear,https://www.daraz.com.np/womens-party-wear/?ajax=true&page=iterator&sort=order
Traditional Clothing,https://www.daraz.com.np/womens-traditional-clothing/?ajax=true&page=iterator&sort=order
Saree,https://www.daraz.com.np/womens-sarees/?ajax=true&page=iterator&sort=order
Kurtas,https://www.daraz.com.np/womens-shalwar-kameez/?ajax=true&page=iterator&sort=order
Kurtis,https://www.daraz.com.np/womens-kurtis/?ajax=true&page=iterator&sort=order
Lehenga,https://www.daraz.com.np/womens-party-wear/?ajax=true&page=iterator&sort=order
Unstitched Fabric,https://www.daraz.com.np/womens-lawn/?ajax=true&page=iterator&sort=order
"Dupattas, Stoles & Shawls",https://www.daraz.com.np/womens-dupattas-stoles-shawls/?ajax=true&page=iterator&sort=order
Women's Bags,https://www.daraz.com.np/womens-bags/?ajax=true&page=iterator&sort=order
Backpacks,https://www.daraz.com.np/womens-backpacks/?ajax=true&page=iterator&sort=order
Crossbody Bags,https://www.daraz.com.np/cross-body-shoulder-bags/?ajax=true&page=iterator&sort=order
Wallets & Cardholders,https://www.daraz.com.np/wallets-accessories/?ajax=true&page=iterator&sort=order
Clutches,https://www.daraz.com.np/womens-clutch-bags/?ajax=true&page=iterator&sort=order
Top-handle Bags,https://www.daraz.com.np/womens-office-digital/?ajax=true&page=iterator&sort=order
Shoes,https://www.daraz.com.np/womens-shoes/?ajax=true&page=iterator&sort=order
Sneakers,https://www.daraz.com.np/womens-sneakers/?ajax=true&page=iterator&sort=order
Boots,https://www.daraz.com.np/womens-boots/?ajax=true&page=iterator&sort=order
Flat Shoes,https://www.daraz.com.np/womens-flat-shoes/?ajax=true&page=iterator&sort=order
Heels,https://www.daraz.com.np/womens-heels/?ajax=true&page=iterator&sort=order
Sandals,https://www.daraz.com.np/womens-flats-sandals/?ajax=true&page=iterator&sort=order
Wedges,https://www.daraz.com.np/womens-wedges/?ajax=true&page=iterator&sort=order
Accessories,https://www.daraz.com.np/womens-accessories/?ajax=true&page=iterator&sort=order
Belts,https://www.daraz.com.np/women-belts/?ajax=true&page=iterator&sort=order
Scarves & Mufflers,https://www.daraz.com.np/womens-scarves-mufflers/?ajax=true&page=iterator&sort=order
Gloves,https://www.daraz.com.np/womens-gloves/?ajax=true&page=iterator&sort=order
Hats & Caps,https://www.daraz.com.np/womens-hats-caps-gloves/?ajax=true&page=iterator&sort=order
Hair Accessories,https://www.daraz.com.np/women-hair-accessories/?ajax=true&page=iterator&sort=order
Socks & Tights,https://www.daraz.com.np/womens-socks-stockings/?ajax=true&page=iterator&sort=order
"Lingerie, Sleep & Lounge",https://www.daraz.com.np/womens-lingerie-sleepwear/?ajax=true&page=iterator&sort=order
Bras,https://www.daraz.com.np/womens-bras/?ajax=true&page=iterator&sort=order
Lingerie Sets,https://www.daraz.com.np/womens-lingerie/?ajax=true&page=iterator&sort=order
Panties,https://www.daraz.com.np/womens-panties/?ajax=true&page=iterator&sort=order
Sleep & Lounge Wear,https://www.daraz.com.np/womens-nightwear/?ajax=true&page=iterator&sort=order
Robes,https://www.daraz.com.np/women-robes/?ajax=true&page=iterator&sort=order
Shapewear,https://www.daraz.com.np/womens-shapewear/?ajax=true&page=iterator&sort=order
Sexy Lingerie,https://www.daraz.com.np/sexy-lingerie/?ajax=true&page=iterator&sort=order
Accessories,https://www.daraz.com.np/lingerie-accessories/?ajax=true&page=iterator&sort=order
Girl's Fashion,https://www.daraz.com.np/fashion-girls/?ajax=true&page=iterator&sort=order
Girl's Clothing,https://www.daraz.com.np/baby-girls-clothing/?ajax=true&page=iterator&sort=order
Girl's Shoes,https://www.daraz.com.np/girls-shoes/?ajax=true&page=iterator&sort=order
Girl's Accessories,https://www.daraz.com.np/fashion-girls-accessories/?ajax=true&page=iterator&sort=order
Bath & Body,https://www.daraz.com.np/bath-body/?ajax=true&page=iterator&sort=order
Body & Massage Oils,https://www.daraz.com.np/body-oils/?ajax=true&page=iterator&sort=order
Body Soaps & Shower Gels,https://www.daraz.com.np/soaps-wash/?ajax=true&page=iterator&sort=order
Body Moisturizers,https://www.daraz.com.np/body-lotion-butter/?ajax=true&page=iterator&sort=order
Foot Care,https://www.daraz.com.np/foot-care/?ajax=true&page=iterator&sort=order
Hair Removal,https://www.daraz.com.np/hair-removal-tools/?ajax=true&page=iterator&sort=order
Bath & Body Accessories,https://www.daraz.com.np/bath-body-accessories/?ajax=true&page=iterator&sort=order
Body Scrubs,https://www.daraz.com.np/body-wash-scrubs/?ajax=true&page=iterator&sort=order
Hand Care,https://www.daraz.com.np/hand-care/?ajax=true&page=iterator&sort=order
Beauty Tools,https://www.daraz.com.np/health-beauty-tools/?ajax=true&page=iterator&sort=order
Curling Irons & Wands,https://www.daraz.com.np/hair-curlers/?ajax=true&page=iterator&sort=order
Flat Irons,https://www.daraz.com.np/hair-straighteners/?ajax=true&page=iterator&sort=order
Hair Dryers,https://www.daraz.com.np/hair-dryers/?ajax=true&page=iterator&sort=order
Hair Removal Appliances,https://www.daraz.com.np/hair-removal-appliances/?ajax=true&page=iterator&sort=order
Fragrances,https://www.daraz.com.np/fragrances/?ajax=true&page=iterator&sort=order
Women Fragrances,https://www.daraz.com.np/womens-fragrance/?ajax=true&page=iterator&sort=order
Men Fragrances,https://www.daraz.com.np/mens-fragrance/?ajax=true&page=iterator&sort=order
Deodorants,https://www.daraz.com.np/deodorants/?ajax=true&page=iterator&sort=order
Hair Care,https://www.daraz.com.np/hair-care/?ajax=true&page=iterator&sort=order
Shampoo,https://www.daraz.com.np/hair-shampoo/?ajax=true&page=iterator&sort=order
Hair Treatments,https://www.daraz.com.np/treatments/?ajax=true&page=iterator&sort=order
Hair Care Accessories,https://www.daraz.com.np/hair-care-accessories/?ajax=true&page=iterator&sort=order
Hair Brushes & Combs,https://www.daraz.com.np/hair-care-brushes-combs/?ajax=true&page=iterator&sort=order
Hair Coloring,https://www.daraz.com.np/hair-color/?ajax=true&page=iterator&sort=order
Hair Conditioner,https://www.daraz.com.np/hair-conditioner/?ajax=true&page=iterator&sort=order
Hair Styling,https://www.daraz.com.np/hair-styling/?ajax=true&page=iterator&sort=order
Makeup,https://www.daraz.com.np/womens-make-up/?ajax=true&page=iterator&sort=order
Foundation,https://www.daraz.com.np/womens-foundation/?ajax=true&page=iterator&sort=order
Lips,https://www.daraz.com.np/lips/?ajax=true&page=iterator&sort=order
Eyes,https://www.daraz.com.np/eye-makeup/?ajax=true&page=iterator&sort=order
Nails,https://www.daraz.com.np/nails-makeup/?ajax=true&page=iterator&sort=order
Brushes & Sets,https://www.daraz.com.np/tools-brushes/?ajax=true&page=iterator&sort=order
Makeup Accessories,https://www.daraz.com.np/makeup-accessories/?ajax=true&page=iterator&sort=order
Makeup Removers,https://www.daraz.com.np/womens-make-up-remover/?ajax=true&page=iterator&sort=order
Men's Care,https://www.daraz.com.np/mens-grooming/?ajax=true&page=iterator&sort=order
Hair Care,https://www.daraz.com.np/men-hair-care/?ajax=true&page=iterator&sort=order
Deodorants,https://www.daraz.com.np/men-deodorant/?ajax=true&page=iterator&sort=order
Skin Care,https://www.daraz.com.np/mens-skin-care/?ajax=true&page=iterator&sort=order
Shaving & Grooming,https://www.daraz.com.np/mens-shaving-grooming/?ajax=true&page=iterator&sort=order
Bath & Body,https://www.daraz.com.np/mens-body-care/?ajax=true&page=iterator&sort=order
Personal Care,https://www.daraz.com.np/personal-care/?ajax=true&page=iterator&sort=order
Oral Care,https://www.daraz.com.np/oral-care-products/?ajax=true&page=iterator&sort=order
Sexual Wellness,https://www.daraz.com.np/sexual-wellness/?ajax=true&page=iterator&sort=order
Deodorants,https://www.daraz.com.np/deodorants/?ajax=true&page=iterator&sort=order
Skin Care,https://www.daraz.com.np/skincare/?ajax=true&page=iterator&sort=order
Face Scrubs & Exfoliators,https://www.daraz.com.np/mens-face/?ajax=true&page=iterator&sort=order
Facial Cleansers,https://www.daraz.com.np/face-wash/?ajax=true&page=iterator&sort=order
Food Supplements,https://www.daraz.com.np/health-supplements/?ajax=true&page=iterator&sort=order
Beauty Supplements,https://www.daraz.com.np/beauty-supplements/?ajax=true&page=iterator&sort=order
Multivitamins,https://www.daraz.com.np/multivitamin-supplements/?ajax=true&page=iterator&sort=order
Weight Management,https://www.daraz.com.np/weight-management/?ajax=true&page=iterator&sort=order
Well Being,https://www.daraz.com.np/well-being/?ajax=true&page=iterator&sort=order
Medical Supplies,https://www.daraz.com.np/health-care/?ajax=true&page=iterator&sort=order
First Aid Supplies,https://www.daraz.com.np/first-aid-supplies/?ajax=true&page=iterator&sort=order
Health Monitors & Tests,https://www.daraz.com.np/health-monitors-tests/?ajax=true&page=iterator&sort=order
Clothing,https://www.daraz.com.np/mens-clothing/?ajax=true&page=iterator&sort=order
Casual Tops,https://www.daraz.com.np/mens-casual-tops/?ajax=true&page=iterator&sort=order
Polo Shirts,https://www.daraz.com.np/mens-polo-shirts/?ajax=true&page=iterator&sort=order
Shirts,https://www.daraz.com.np/mens-shirts/?ajax=true&page=iterator&sort=order
Jeans,https://www.daraz.com.np/mens-jeans/?ajax=true&page=iterator&sort=order
Pants,https://www.daraz.com.np/mens-pants-trousers/?ajax=true&page=iterator&sort=order
Suits,https://www.daraz.com.np/men-clothing-suits-ties/?ajax=true&page=iterator&sort=order
Jackets & Coats,https://www.daraz.com.np/men-jackets-coats/?ajax=true&page=iterator&sort=order
Hoodies & Sweatshirts,https://www.daraz.com.np/mens-hoodies/?ajax=true&page=iterator&sort=order
Sweaters & Cardigans,https://www.daraz.com.np/men-sweaters-cardigans/?ajax=true&page=iterator&sort=order
Men's Bags,https://www.daraz.com.np/mens-bags/?ajax=true&page=iterator&sort=order
Backpacks,https://www.daraz.com.np/men-bags-backpacks/?ajax=true&page=iterator&sort=order
Crossbody Bags,https://www.daraz.com.np/mens-formal-bags/?ajax=true&page=iterator&sort=order
Messenger Bags,https://www.daraz.com.np/men-messenger-bags/?ajax=true&page=iterator&sort=order
Business Bags,https://www.daraz.com.np/backpacks-and-briefcases/?ajax=true&page=iterator&sort=order
Wallets & Accessories,https://www.daraz.com.np/mens-wallets-cardholders/?ajax=true&page=iterator&sort=order
Shoes,https://www.daraz.com.np/mens-shoes/?ajax=true&page=iterator&sort=order
Slip-Ons & Loafers,https://www.daraz.com.np/mens-slip-ons/?ajax=true&page=iterator&sort=order
Flip Flops & Sandals,https://www.daraz.com.np/mens-sandals-slippers/?ajax=true&page=iterator&sort=order
Sneakers,https://www.daraz.com.np/mens-sneakers/?ajax=true&page=iterator&sort=order
Formal Shoes,https://www.daraz.com.np/mens-formal-shoes/?ajax=true&page=iterator&sort=order
Boots,https://www.daraz.com.np/mens-boots/?ajax=true&page=iterator&sort=order
Shoes Accessories,https://www.daraz.com.np/mens-shoe-care/?ajax=true&page=iterator&sort=order
Accessories,https://www.daraz.com.np/men-accessories/?ajax=true&page=iterator&sort=order
Scarves,https://www.daraz.com.np/mens-scarves-mufflers/?ajax=true&page=iterator&sort=order
Ties & Bow Ties,https://www.daraz.com.np/mens-ties-cufflinks/?ajax=true&page=iterator&sort=order
Socks,https://www.daraz.com.np/mens-socks/?ajax=true&page=iterator&sort=order
Belts,https://www.daraz.com.np/fashion-mens-belts/?ajax=true&page=iterator&sort=order
Hats & Caps,https://www.daraz.com.np/men-accessories-hats/?ajax=true&page=iterator&sort=order
Gloves,https://www.daraz.com.np/mens-gloves/?ajax=true&page=iterator&sort=order
Boy's Fashion,https://www.daraz.com.np/fashion-boys/?ajax=true&page=iterator&sort=order
Boy's Clothing,https://www.daraz.com.np/boys-clothing/?ajax=true&page=iterator&sort=order
Boy's Shoes,https://www.daraz.com.np/boys-shoes/?ajax=true&page=iterator&sort=order
Boy's Accessories,https://www.daraz.com.np/fashion-boys-accessories/?ajax=true&page=iterator&sort=order
Men's Underwear,https://www.daraz.com.np/clothing-men-underwear/?ajax=true&page=iterator&sort=order
Briefs,https://www.daraz.com.np/mens-briefs/?ajax=true&page=iterator&sort=order
Vests,https://www.daraz.com.np/mens-waistcoats/?ajax=true&page=iterator&sort=order
Trunks & Boxers,https://www.daraz.com.np/mens-boxers/?ajax=true&page=iterator&sort=order
Men's Watches,https://www.daraz.com.np/mens-watches/?ajax=true&page=iterator&sort=order
Business,https://www.daraz.com.np/mens-analog/?ajax=true&page=iterator&sort=order
Fashion,https://www.daraz.com.np/mens-chronograph/?ajax=true&page=iterator&sort=order
Women's Watches,https://www.daraz.com.np/womens-watches/?ajax=true&page=iterator&sort=order
Fashion,https://www.daraz.com.np/womens-fashion-watches-wsj/?ajax=true&page=iterator&sort=order
Business,https://www.daraz.com.np/womens-business-watches-wsj/?ajax=true&page=iterator&sort=order
Kid's Watches,https://www.daraz.com.np/kids-watches-wsj/?ajax=true&page=iterator&sort=order
Sunglasses,https://www.daraz.com.np/sunglasses/?ajax=true&page=iterator&sort=order
Men Sunglasses,https://www.daraz.com.np/mens-sunglasses/?ajax=true&page=iterator&sort=order
Women Sunglasses,https://www.daraz.com.np/womens-sunglasses/?ajax=true&page=iterator&sort=order
Kids Sunglasses,https://www.daraz.com.np/kids-sunglasses/?ajax=true&page=iterator&sort=order
Eyeglasses,https://www.daraz.com.np/eyeglasses/?ajax=true&page=iterator&sort=order
Women Eyeglasses,https://www.daraz.com.np/womens-eyeglasses/?ajax=true&page=iterator&sort=order
Men Eyeglasses,https://www.daraz.com.np/mens-eyeglasses/?ajax=true&page=iterator&sort=order
Women Fashion Jewellery,https://www.daraz.com.np/womens-jewellery/?ajax=true&page=iterator&sort=order
Earrings,https://www.daraz.com.np/womens-earrings/?ajax=true&page=iterator&sort=order
Bracelets,https://www.daraz.com.np/womens-bangles-bracelets/?ajax=true&page=iterator&sort=order
Jewellery sets,https://www.daraz.com.np/womens-jewellery-sets/?ajax=true&page=iterator&sort=order
Necklaces,https://www.daraz.com.np/womens-necklaces-chains/?ajax=true&page=iterator&sort=order
Pendants,https://www.daraz.com.np/womens-pendants/?ajax=true&page=iterator&sort=order
Rings,https://www.daraz.com.np/womens-rings/?ajax=true&page=iterator&sort=order
Men Fashion Jewellery,https://www.daraz.com.np/mens-jewellery/?ajax=true&page=iterator&sort=order
Bracelets,https://www.daraz.com.np/mens-fashion-bracelets/?ajax=true&page=iterator&sort=order
Rings,https://www.daraz.com.np/mens-rings/?ajax=true&page=iterator&sort=order
Smartphones,https://www.daraz.com.np/smartphones/?ajax=true&page=iterator&sort=order
Samsung Mobiles,https://www.daraz.com.np/smartphones/samsung-brand/?ajax=true&page=iterator&sort=order
Realme Mobiles,https://www.daraz.com.np/smartphones/realme/?ajax=true&page=iterator&sort=order
Redmi/Poco Mobiles,https://www.daraz.com.np/smartphones/?ajax=true&page=iterator&sort=order
Apple iPhones,https://www.daraz.com.np/smartphones/apple/?ajax=true&page=iterator&sort=order
OnePlus Mobiles,https://www.daraz.com.np/smartphones/oneplus_brand/?ajax=true&page=iterator&sort=order
Narzo by Realme,https://www.daraz.com.np/smartphones/narzo-by-realme-124051041/?ajax=true&page=iterator&sort=order
INFINIX Mobiles,https://www.daraz.com.np/smartphones/infinix/?ajax=true&page=iterator&sort=order
Nokia Mobiles,https://www.daraz.com.np/smartphones/nokia/?ajax=true&page=iterator&sort=order
Motorola Mobiles,https://www.daraz.com.np/smartphones/?ajax=true&page=iterator&sort=order
VIVO Mobiles,https://www.daraz.com.np/smartphones/vivo/?ajax=true&page=iterator&sort=order
OPPO Mobiles,https://www.daraz.com.np/smartphones/oppo/?ajax=true&page=iterator&sort=order
Micromax Mobiles,https://www.daraz.com.np/smartphones/micromax/?ajax=true&page=iterator&sort=order
Feature Phones,https://www.daraz.com.np/featurephones/?ajax=true&page=iterator&sort=order
Tablets,https://www.daraz.com.np/tablets/?ajax=true&page=iterator&sort=order
Apple iPads,https://www.daraz.com.np/tablets/apple/?ajax=true&page=iterator&sort=order
Samsung Tablets,https://www.daraz.com.np/tablets/samsung/?ajax=true&page=iterator&sort=order
Lenovo Tablets,https://www.daraz.com.np/tablets/lenovo/?ajax=true&page=iterator&sort=order
Amazon Tablets,https://www.daraz.com.np/tablets/amazon/?ajax=true&page=iterator&sort=order
TCL Tablets,https://www.daraz.com.np/tablets/tcl/?ajax=true&page=iterator&sort=order
XP-PEN Graphic Tablet,https://www.daraz.com.np/tablets/?ajax=true&page=iterator&sort=order
Wacom Graphic Tablet,https://www.daraz.com.np/tablets/wacom/?ajax=true&page=iterator&sort=order
Laptops,https://www.daraz.com.np/laptops/?ajax=true&page=iterator&sort=order
Macbooks,https://www.daraz.com.np/laptops/apple/?ajax=true&page=iterator&sort=order
Dell Laptops,https://www.daraz.com.np/laptops/dell/?ajax=true&page=iterator&sort=order
Lenovo Laptops,https://www.daraz.com.np/laptops/lenovo/?ajax=true&page=iterator&sort=order
Acer Laptops,https://www.daraz.com.np/laptops/acer/?ajax=true&page=iterator&sort=order
HP Laptops,https://www.daraz.com.np/laptops/hp/?ajax=true&page=iterator&sort=order
ASUS Laptops,https://www.daraz.com.np/laptops/asus/?ajax=true&page=iterator&sort=order
MI Laptops,https://www.daraz.com.np/laptops/mi/?ajax=true&page=iterator&sort=order
CHUWI Laptops,https://www.daraz.com.np/laptops/chuwi/?ajax=true&page=iterator&sort=order
MSI Laptops,https://www.daraz.com.np/laptops/msi/?ajax=true&page=iterator&sort=order
AVITA Laptops,https://www.daraz.com.np/laptops/avita/?ajax=true&page=iterator&sort=order
Microsoft Laptops,https://www.daraz.com.np/laptops/microsoft/?ajax=true&page=iterator&sort=order
Huawei Laptops,https://www.daraz.com.np/laptops/huawei_brand/?ajax=true&page=iterator&sort=order
Desktops,https://www.daraz.com.np/desktop-computer/?ajax=true&page=iterator&sort=order
All-In-One,https://www.daraz.com.np/computer-all-in-ones/?ajax=true&page=iterator&sort=order
Gaming Desktops,https://www.daraz.com.np/gaming-desktops-monitors/?ajax=true&page=iterator&sort=order
Monitors,https://www.daraz.com.np/computer-monitors/?ajax=true&page=iterator&sort=order
Gaming Consoles,https://www.daraz.com.np/gaming-consoles/?ajax=true&page=iterator&sort=order
Cameras,https://www.daraz.com.np/camera/?ajax=true&page=iterator&sort=order
Action/Video Cameras,https://www.daraz.com.np/camcorders/?ajax=true&page=iterator&sort=order
Security Cameras,https://www.daraz.com.np/security-cameras/?ajax=true&page=iterator&sort=order
DSLR Cameras,https://www.daraz.com.np/dslr-hybrid-cameras/?ajax=true&page=iterator&sort=order
Instant Cameras,https://www.daraz.com.np/instant-camera/?ajax=true&page=iterator&sort=order
Camera Accessories,https://www.daraz.com.np/camera-accessories/?ajax=true&page=iterator&sort=order
Printers,https://www.daraz.com.np/multi-function-printers/?ajax=true&page=iterator&sort=order
Printers,https://www.daraz.com.np/multi-function-printers/?ajax=true&page=iterator&sort=order
Ink & Toners,https://www.daraz.com.np/printer-ink/?ajax=true&page=iterator&sort=order
Daraz Like New,https://www.daraz.com.np/like-new-phone/?ajax=true&page=iterator&sort=order
Like New Phones,https://www.daraz.com.np/like-new-phone/?ajax=true&page=iterator&sort=order
Televisions,https://www.daraz.com.np/televisions/?ajax=true&page=iterator&sort=order
LED Televisions,https://www.daraz.com.np/led-tvs/?ajax=true&page=iterator&sort=order
Smart Televisions,https://www.daraz.com.np/smart-tvs/?ajax=true&page=iterator&sort=order
OLED Televisions,https://www.daraz.com.np/oled-tvs/?ajax=true&page=iterator&sort=order
TV Accessories,https://www.daraz.com.np/tv-accessories/?ajax=true&page=iterator&sort=order
TV Receivers,https://www.daraz.com.np/tv-receivers/?ajax=true&page=iterator&sort=order
Wall Mounts & Protectors,https://www.daraz.com.np/projectors/?ajax=true&page=iterator&sort=order
Audio & Video Devices,https://www.daraz.com.np/consumer-electronics/?ajax=true&page=iterator&sort=order
Soundbars,https://www.daraz.com.np/sound-bars/?ajax=true&page=iterator&sort=order
Home Entertainment,https://www.daraz.com.np/audio-home-entertainment/?ajax=true&page=iterator&sort=order
Portable Players,https://www.daraz.com.np/mp3-players-ipods/?ajax=true&page=iterator&sort=order
Live Sound & Stage Equipment,https://www.daraz.com.np/live-sound-stage/?ajax=true&page=iterator&sort=order
Blu-Ray/DVD Players,https://www.daraz.com.np/dvd-players/?ajax=true&page=iterator&sort=order
Projectors,https://www.daraz.com.np/computing-projectors/?ajax=true&page=iterator&sort=order
Large Appliances,https://www.daraz.com.np/cooking-appliances/?ajax=true&page=iterator&sort=order
Washing Machines,https://www.daraz.com.np/washing-machines/?ajax=true&page=iterator&sort=order
Refrigerators,https://www.daraz.com.np/refrigerators/?ajax=true&page=iterator&sort=order
Oven,https://www.daraz.com.np/large-ovens/?ajax=true&page=iterator&sort=order
Freezer,https://www.daraz.com.np/freezers/?ajax=true&page=iterator&sort=order
Cooktop & Range,https://www.daraz.com.np/cooktops/?ajax=true&page=iterator&sort=order
Small Kitchen Appliances,https://www.daraz.com.np/small-kitchen-appliances/?ajax=true&page=iterator&sort=order
Rice Cooker,https://www.daraz.com.np/rice-cookers/?ajax=true&page=iterator&sort=order
"Blender, Mixer & Grinder",https://www.daraz.com.np/food-preparation/?ajax=true&page=iterator&sort=order
Microwave,https://www.daraz.com.np/microwaves/?ajax=true&page=iterator&sort=order
Electric Kettles & Thermo Pots,https://www.daraz.com.np/electric-kettles-thermo-pots/?ajax=true&page=iterator&sort=order
Juicer & Fruit Extraction,https://www.daraz.com.np/juicers/?ajax=true&page=iterator&sort=order
Fryer,https://www.daraz.com.np/fryers/?ajax=true&page=iterator&sort=order
Water Purifier,https://www.daraz.com.np/water-purifiers-filters-accessories/?ajax=true&page=iterator&sort=order
Water Dispensers,https://www.daraz.com.np/water-dispensers/?ajax=true&page=iterator&sort=order
Toasters,https://www.daraz.com.np/toasters/?ajax=true&page=iterator&sort=order
Other Small Kitchen Appliances,https://www.daraz.com.np/specialty-cookware-appliances/?ajax=true&page=iterator&sort=order
Cooling & Heating,https://www.daraz.com.np/cooling-heating/?ajax=true&page=iterator&sort=order
Fan,https://www.daraz.com.np/fans/?ajax=true&page=iterator&sort=order
Air Conditioner,https://www.daraz.com.np/air-conditioners/?ajax=true&page=iterator&sort=order
Air Cooler,https://www.daraz.com.np/portable-ac/?ajax=true&page=iterator&sort=order
Air Purifier,https://www.daraz.com.np/air-purifiers/?ajax=true&page=iterator&sort=order
Heaters,https://www.daraz.com.np/heaters/?ajax=true&page=iterator&sort=order
Water Heaters,https://www.daraz.com.np/hot-water-systems/?ajax=true&page=iterator&sort=order
Vacuums & Floor Care,https://www.daraz.com.np/floorcare-appliances/?ajax=true&page=iterator&sort=order
Vacuum Cleaner,https://www.daraz.com.np/vacuum-cleaners/?ajax=true&page=iterator&sort=order
Floor Polisher,https://www.daraz.com.np/floor-polishers/?ajax=true&page=iterator&sort=order
Vacuum Cleaner Parts,https://www.daraz.com.np/vacuum-bags-accessories/?ajax=true&page=iterator&sort=order
Iron & Garment Care,https://www.daraz.com.np/garment-care/?ajax=true&page=iterator&sort=order
Irons,https://www.daraz.com.np/ironing-laundry-appliances/?ajax=true&page=iterator&sort=order
Sewing Machine,https://www.daraz.com.np/sewing-machines/?ajax=true&page=iterator&sort=order
Mobile Accessories,https://www.daraz.com.np/mobiles-tablets-accessories/?ajax=true&page=iterator&sort=order
Phone Cases,https://www.daraz.com.np/mobile-cases-covers/?ajax=true&page=iterator&sort=order
Screen Protectors,https://www.daraz.com.np/mobile-surface-screen-protectors/?ajax=true&page=iterator&sort=order
Power Banks,https://www.daraz.com.np/mobile-power-banks/?ajax=true&page=iterator&sort=order
Cables & Converters,https://www.daraz.com.np/other-phone-tablet-accessories/?ajax=true&page=iterator&sort=order
Wall Chargers,https://www.daraz.com.np/phone-tablet-chargers/?ajax=true&page=iterator&sort=order
Wireless Chargers,https://www.daraz.com.np/bluetooth-accessories/?ajax=true&page=iterator&sort=order
Tablet Accessories,https://www.daraz.com.np/accessories-tablet/?ajax=true&page=iterator&sort=order
Parts & Tools,https://www.daraz.com.np/mobiles-tablets-parts-tools/?ajax=true&page=iterator&sort=order
Audio,https://www.daraz.com.np/audio/?ajax=true&page=iterator&sort=order
Headphones & Headsets,https://www.daraz.com.np/headphones-headsets/?ajax=true&page=iterator&sort=order
Gaming Headsets,https://www.daraz.com.np/gaming-headsets/?ajax=true&page=iterator&sort=order
Bluetooth Speakers,https://www.daraz.com.np/portable-speakers/?ajax=true&page=iterator&sort=order
Wearable,https://www.daraz.com.np/wearable-technology/?ajax=true&page=iterator&sort=order
Smartwatches,https://www.daraz.com.np/smart-watches/?ajax=true&page=iterator&sort=order
Virtual Reality,https://www.daraz.com.np/virtual-reality/?ajax=true&page=iterator&sort=order
Fitness & Activity Trackers,https://www.daraz.com.np/fitness-trackers/?ajax=true&page=iterator&sort=order
Console Accessories,https://www.daraz.com.np/gaming-accessories/?ajax=true&page=iterator&sort=order
PlayStation Controllers,https://www.daraz.com.np/gaming-controllers/?ajax=true&page=iterator&sort=order
Camera Accessories,https://www.daraz.com.np/camera-accessories/?ajax=true&page=iterator&sort=order
Memory Cards,https://www.daraz.com.np/camera-memory-cards/?ajax=true&page=iterator&sort=order
Lenses,https://www.daraz.com.np/camera-lenses/?ajax=true&page=iterator&sort=order
Tripods & Monopods,https://www.daraz.com.np/tripods-monopods/?ajax=true&page=iterator&sort=order
"Camera Cases, Covers and Bags",https://www.daraz.com.np/camera-bags/?ajax=true&page=iterator&sort=order
Action Camera Accessories,https://www.daraz.com.np/sport-action-camera-accessories/?ajax=true&page=iterator&sort=order
Lighting & Studio Equipment,https://www.daraz.com.np/lighting-studio-equipment/?ajax=true&page=iterator&sort=order
Batteries,https://www.daraz.com.np/camera-batteries/?ajax=true&page=iterator&sort=order
Computer Accessories,https://www.daraz.com.np/computing-peripherals-accessories/?ajax=true&page=iterator&sort=order
Monitors,https://www.daraz.com.np/computer-monitors/?ajax=true&page=iterator&sort=order
Keyboards,https://www.daraz.com.np/keyboard/?ajax=true&page=iterator&sort=order
Mice,https://www.daraz.com.np/mouse/?ajax=true&page=iterator&sort=order
Adapters & Cables,https://www.daraz.com.np/computer-adapters/?ajax=true&page=iterator&sort=order
PC Audio,https://www.daraz.com.np/pc-audio/?ajax=true&page=iterator&sort=order
DIY Desktop Parts,https://www.daraz.com.np/computer-towers/?ajax=true&page=iterator&sort=order
Storage,https://www.daraz.com.np/computing-storage/?ajax=true&page=iterator&sort=order
External Hard Drives,https://www.daraz.com.np/external-hard-drives/?ajax=true&page=iterator&sort=order
Internal Hard Drives,https://www.daraz.com.np/internal-hard-drives/?ajax=true&page=iterator&sort=order
Flash Drives,https://www.daraz.com.np/usb-flash-drives/?ajax=true&page=iterator&sort=order
Computer Components,https://www.daraz.com.np/components-spare-parts/?ajax=true&page=iterator&sort=order
Graphic Cards,https://www.daraz.com.np/computer-graphic-cards/?ajax=true&page=iterator&sort=order
Desktop Casings,https://www.daraz.com.np/casing/?ajax=true&page=iterator&sort=order
Motherboards,https://www.daraz.com.np/motherboard/?ajax=true&page=iterator&sort=order
Processors,https://www.daraz.com.np/processor/?ajax=true&page=iterator&sort=order
Cooling Fans,https://www.daraz.com.np/other-computer-accessories/?ajax=true&page=iterator&sort=order
Network Components,https://www.daraz.com.np/networking/?ajax=true&page=iterator&sort=order
Access Points,https://www.daraz.com.np/access-points/?ajax=true&page=iterator&sort=order
Modems,https://www.daraz.com.np/modems/?ajax=true&page=iterator&sort=order
Network Switches,https://www.daraz.com.np/network-switches/?ajax=true&page=iterator&sort=order
Routers,https://www.daraz.com.np/routers/?ajax=true&page=iterator&sort=order
Wireless USB Adapter,https://www.daraz.com.np/wireless-usb-adapters/?ajax=true&page=iterator&sort=order
Printers,https://www.daraz.com.np/multi-function-printers/?ajax=true&page=iterator&sort=order
Printers,https://www.daraz.com.np/multi-function-printers/?ajax=true&page=iterator&sort=order
Ink & Toners,https://www.daraz.com.np/printer-ink/?ajax=true&page=iterator&sort=order
Groceries,https://www.daraz.com.np/groceries/?ajax=true&page=iterator&sort=order
Beverages,https://www.daraz.com.np/beverages/?ajax=true&page=iterator&sort=order
Coffee,https://www.daraz.com.np/coffee-espresso/?ajax=true&page=iterator&sort=order
Tea,https://www.daraz.com.np/tea/?ajax=true&page=iterator&sort=order
Juices,https://www.daraz.com.np/juices-non-carbonated-drinks/?ajax=true&page=iterator&sort=order
Powdered Drink Mixes,https://www.daraz.com.np/milk-powder-and-milk-modifiers/?ajax=true&page=iterator&sort=order
Soft Drinks,https://www.daraz.com.np/groceries-beverages-soft-drinks/?ajax=true&page=iterator&sort=order
"Breakfast, Choco & Snacks",https://www.daraz.com.np/breakfast/?ajax=true&page=iterator&sort=order
Biscuit,https://www.daraz.com.np/biscuits-cookies/?ajax=true&page=iterator&sort=order
Breakfast Cereals,https://www.daraz.com.np/cereal/?ajax=true&page=iterator&sort=order
Chocolate,https://www.daraz.com.np/chocolates/?ajax=true&page=iterator&sort=order
Chips & Crisps,https://www.daraz.com.np/chips-crisps/?ajax=true&page=iterator&sort=order
"Jam,Spreads & Honey",https://www.daraz.com.np/groceries-breakfast-jams-honey-spreads/?ajax=true&page=iterator&sort=order
Food Staples,https://www.daraz.com.np/canned-packaged-foods/?ajax=true&page=iterator&sort=order
Home Baking & Sugar,https://www.daraz.com.np/groceries-baking-cooking-home-baking-sugar/?ajax=true&page=iterator&sort=order
Instant & Ready-to-Eat,https://www.daraz.com.np/groceries-canned-dry-packaged-food-instant-ready-to-eat/?ajax=true&page=iterator&sort=order
Rice,https://www.daraz.com.np/rice/?ajax=true&page=iterator&sort=order
Daal,https://www.daraz.com.np/groceries-canned-dry-packaged-food-grains-beans-pulses/?ajax=true&page=iterator&sort=order
Cooking Ingredients,https://www.daraz.com.np/groceries-baking-cooking-cooking-ingredients/?ajax=true&page=iterator&sort=order
Oil & Ghee,https://www.daraz.com.np/oil-ghee/?ajax=true&page=iterator&sort=order
Seasoning,https://www.daraz.com.np/groceries-baking-cooking-cooking-ingredients-seasoning/?ajax=true&page=iterator&sort=order
Herbs & Spices,https://www.daraz.com.np/whole-spices-seeds-herbs/?ajax=true&page=iterator&sort=order
Laundry & Household,https://www.daraz.com.np/laundry-and-home-care/?ajax=true&page=iterator&sort=order
AirCare,https://www.daraz.com.np/groceries-laundry-household-aircare/?ajax=true&page=iterator&sort=order
Cleaning,https://www.daraz.com.np/household-cleaners/?ajax=true&page=iterator&sort=order
Dishwashing,https://www.daraz.com.np/groceries-laundry-household-dishwashing/?ajax=true&page=iterator&sort=order
Laundry,https://www.daraz.com.np/laundry-products/?ajax=true&page=iterator&sort=order
Pest Control,https://www.daraz.com.np/groceries-laundry-household-pest-control/?ajax=true&page=iterator&sort=order
"Wines, Beers & Spirits",https://www.daraz.com.np/wines-beers-spirits/?ajax=true&page=iterator&sort=order
Wines,https://www.daraz.com.np/wines/?ajax=true&page=iterator&sort=order
Beer,https://www.daraz.com.np/groceries-wines-beers-spirits-beer/?ajax=true&page=iterator&sort=order
Spirits,https://www.daraz.com.np/spirits/?ajax=true&page=iterator&sort=order
Pet Supplies,https://www.daraz.com.np/pet-supplies-shop/?ajax=true&page=iterator&sort=order
Dogs,https://www.daraz.com.np/dogs-supplies/?ajax=true&page=iterator&sort=order
Cats,https://www.daraz.com.np/cats-supplies/?ajax=true&page=iterator&sort=order
Disposable Diapers,https://www.daraz.com.np/baby-diapers/?ajax=true&page=iterator&sort=order
Baby Gear,https://www.daraz.com.np/baby-gear/?ajax=true&page=iterator&sort=order
Baby Walkers,https://www.daraz.com.np/baby-toddler-walkers/?ajax=true&page=iterator&sort=order
Backpacks & Carriers,https://www.daraz.com.np/baby-toddler-carriers/?ajax=true&page=iterator&sort=order
Car Seats,https://www.daraz.com.np/baby-car-seats/?ajax=true&page=iterator&sort=order
Kids Bag,https://www.daraz.com.np/boys-bags/?ajax=true&page=iterator&sort=order
Strollers,https://www.daraz.com.np/baby-toddler-strollers/?ajax=true&page=iterator&sort=order
"Swings, Jumpers & Bouncers",https://www.daraz.com.np/swings-jumpers-bouncers/?ajax=true&page=iterator&sort=order
Baby Personal Care,https://www.daraz.com.np/baby-personal-care/?ajax=true&page=iterator&sort=order
Baby Bath,https://www.daraz.com.np/baby-bubble-bath/?ajax=true&page=iterator&sort=order
Bathing Tubs & Seats,https://www.daraz.com.np/bath-tubs-seats/?ajax=true&page=iterator&sort=order
"Soaps, Cleansers & Bodywash",https://www.daraz.com.np/baby-soaps-cleaners/?ajax=true&page=iterator&sort=order
Clothing & Accessories,https://www.daraz.com.np/baby-clothings-accessories/?ajax=true&page=iterator&sort=order
Girls' Clothing,https://www.daraz.com.np/baby-girls-clothing-and-accessories/?ajax=true&page=iterator&sort=order
Girls' Shoes,https://www.daraz.com.np/baby-girls-shoes/?ajax=true&page=iterator&sort=order
Boys' Clothing,https://www.daraz.com.np/baby-boys-clothing/?ajax=true&page=iterator&sort=order
New Born Unisex (0 - 6 months),https://www.daraz.com.np/new-born-baby-clothing/?ajax=true&page=iterator&sort=order
New Born Sets & Packs,https://www.daraz.com.np/sets-packs/?ajax=true&page=iterator&sort=order
Diapering & Potty,https://www.daraz.com.np/baby-toddler-diapers-potties/?ajax=true&page=iterator&sort=order
Potty Chair,https://www.daraz.com.np/potty-chair/?ajax=true&page=iterator&sort=order
Wipes & Holders,https://www.daraz.com.np/wipes-holders/?ajax=true&page=iterator&sort=order
Disposable Diapers,https://www.daraz.com.np/baby-diapers/?ajax=true&page=iterator&sort=order
Feeding,https://www.daraz.com.np/feeding/?ajax=true&page=iterator&sort=order
Milk Formula,https://www.daraz.com.np/formula-milk/?ajax=true&page=iterator&sort=order
Utensils,https://www.daraz.com.np/baby-utensils/?ajax=true&page=iterator&sort=order
Nursery,https://www.daraz.com.np/baby-toddler-nursery/?ajax=true&page=iterator&sort=order
Mattresses & Bedding,https://www.daraz.com.np/mattresses-bedding/?ajax=true&page=iterator&sort=order
Sanitizers,https://www.daraz.com.np/kids-sanitizers/?ajax=true&page=iterator&sort=order
Baby & Toddler Toys,https://www.daraz.com.np/baby-toddler-toys-games/?ajax=true&page=iterator&sort=order
Activity Gym & Playmats,https://www.daraz.com.np/activity-play-centers/?ajax=true&page=iterator&sort=order
Basic & Life Skills Toys,https://www.daraz.com.np/basic-life-skills-toys/?ajax=true&page=iterator&sort=order
Bath Toys,https://www.daraz.com.np/bath-toys/?ajax=true&page=iterator&sort=order
Crib Toys & Attachments,https://www.daraz.com.np/baby-crib-toys/?ajax=true&page=iterator&sort=order
Early Development Toys,https://www.daraz.com.np/early-development-toys/?ajax=true&page=iterator&sort=order
Reading & Writing,https://www.daraz.com.np/reading-writing-toys/?ajax=true&page=iterator&sort=order
Toys & Games,https://www.daraz.com.np/toys-games/?ajax=true&page=iterator&sort=order
Action Figures & Collectibles,https://www.daraz.com.np/toys-action-figures-collectibles/?ajax=true&page=iterator&sort=order
Arts & Crafts�for Kids,https://www.daraz.com.np/toys-arts-craft/?ajax=true&page=iterator&sort=order
Blocks & Building Toys,https://www.daraz.com.np/blocks-building-toys-games/?ajax=true&page=iterator&sort=order
Dolls & Accessories,https://www.daraz.com.np/dolls-accessories/?ajax=true&page=iterator&sort=order
Dress Up & Pretend Play,https://www.daraz.com.np/kids-dress-up/?ajax=true&page=iterator&sort=order
Electronic Toys,https://www.daraz.com.np/electronic-toys/?ajax=true&page=iterator&sort=order
Learning & Education,https://www.daraz.com.np/educational-toys-games/?ajax=true&page=iterator&sort=order
Party Supplies,https://www.daraz.com.np/party-supplies/?ajax=true&page=iterator&sort=order
Puzzle,https://www.daraz.com.np/toys-puzzles/?ajax=true&page=iterator&sort=order
Stuffed Toys,https://www.daraz.com.np/stuffed-animals-plush?ajax=true&page=iterator&sort=order
Traditional Games,https://www.daraz.com.np/traditional-games/?ajax=true&page=iterator&sort=order
Baby & Toddler Toys,https://www.daraz.com.np/activity-play-centers?ajax=true&page=iterator&sort=order
Remote Control & Vehicles,https://www.daraz.com.np/remote-control-toys-and-play-vehicles/?ajax=true&page=iterator&sort=order
Die-Cast Vehicles,https://www.daraz.com.np/die-cast-cars/?ajax=true&page=iterator&sort=order
Drones & Accessories,https://www.daraz.com.np/drones-and-accessories/?ajax=true&page=iterator&sort=order
Play Trains & Railway Sets,https://www.daraz.com.np/model-railway-and-train-sets/?ajax=true&page=iterator&sort=order
Play Vehicles,https://www.daraz.com.np/play-vehicles-toys/?ajax=true&page=iterator&sort=order
Sports & Outdoor Play,https://www.daraz.com.np/sports-and-outdoor-play/?ajax=true&page=iterator&sort=order
Swimming Pool & Water Toys,https://www.daraz.com.np/swimming-pool-and-water-toys/?ajax=true&page=iterator&sort=order
Pacifiers & Accessories,https://www.daraz.com.np/pacifiers-and-accessories/?ajax=true&page=iterator&sort=order
Bath,https://www.daraz.com.np/bath/?ajax=true&page=iterator&sort=order
Bath Mats,https://www.daraz.com.np/bath-mats-rugs/?ajax=true&page=iterator&sort=order
Bath Towels,https://www.daraz.com.np/bath-towels/?ajax=true&page=iterator&sort=order
Bathrobes,https://www.daraz.com.np/bathrobes/?ajax=true&page=iterator&sort=order
Bathroom Scales,https://www.daraz.com.np/bathroom-scales/?ajax=true&page=iterator&sort=order
Bathroom Shelving,https://www.daraz.com.np/shop-storage-bathroom-shelves/?ajax=true&page=iterator&sort=order
Shower Caddies & Hangers,https://www.daraz.com.np/shower-holders-hangers/?ajax=true&page=iterator&sort=order
Shower Curtains,https://www.daraz.com.np/shower-curtains/?ajax=true&page=iterator&sort=order
Bedding,https://www.daraz.com.np/bedding/?ajax=true&page=iterator&sort=order
Bed Sheets,https://www.daraz.com.np/bedsheets/?ajax=true&page=iterator&sort=order
Bedding Accessories,https://www.daraz.com.np/bedding-accessories/?ajax=true&page=iterator&sort=order
Blankets & Throws,https://www.daraz.com.np/blankets-throws/?ajax=true&page=iterator&sort=order
"Comforters, Quilts & Duvets",https://www.daraz.com.np/comforters-quilts/?ajax=true&page=iterator&sort=order
Mattress Protectors,https://www.daraz.com.np/bedding-mattress-pads-protectors/?ajax=true&page=iterator&sort=order
Pillow Cases,https://www.daraz.com.np/pillows/?ajax=true&page=iterator&sort=order
Pillows & Bolsters,https://www.daraz.com.np/anti-allergy-pillows/?ajax=true&page=iterator&sort=order
Decor,https://www.daraz.com.np/home-decoration/?ajax=true&page=iterator&sort=order
Artificial Flowers & Plants,https://www.daraz.com.np/artificial-flowers-plants/?ajax=true&page=iterator&sort=order
Candles & Candleholders,https://www.daraz.com.np/candles-candle-holders/?ajax=true&page=iterator&sort=order
Clocks,https://www.daraz.com.np/clocks/?ajax=true&page=iterator&sort=order
Curtains,https://www.daraz.com.np/curtains-blinds-shades/?ajax=true&page=iterator&sort=order
Cushions & Covers,https://www.daraz.com.np/cushions/?ajax=true&page=iterator&sort=order
Mirrors,https://www.daraz.com.np/mirrors/?ajax=true&page=iterator&sort=order
Picture Frames,https://www.daraz.com.np/picture-frames/?ajax=true&page=iterator&sort=order
Rugs & Carpets,https://www.daraz.com.np/carpets-rugs/?ajax=true&page=iterator&sort=order
Vases & Vessels,https://www.daraz.com.np/vases/?ajax=true&page=iterator&sort=order
Furniture,https://www.daraz.com.np/furniture/?ajax=true&page=iterator&sort=order
Bedroom,https://www.daraz.com.np/bedroom-furniture/?ajax=true&page=iterator&sort=order
Home Office,https://www.daraz.com.np/office-furniture/?ajax=true&page=iterator&sort=order
Kitchen & Dining,https://www.daraz.com.np/kitchen-dining-furniture/?ajax=true&page=iterator&sort=order
Living Room,https://www.daraz.com.np/living-room-furniture/?ajax=true&page=iterator&sort=order
Kitchen & Dining,https://www.daraz.com.np/kitchen-dining/?ajax=true&page=iterator&sort=order
Bakeware,https://www.daraz.com.np/bakeware/?ajax=true&page=iterator&sort=order
Coffee & Tea,https://www.daraz.com.np/coffee-tea-kitchenware/?ajax=true&page=iterator&sort=order
Cookware,https://www.daraz.com.np/cookware/?ajax=true&page=iterator&sort=order
Dinnerware,https://www.daraz.com.np/dinnerware/?ajax=true&page=iterator&sort=order
Drinkware,https://www.daraz.com.np/drinkware/?ajax=true&page=iterator&sort=order
Kitchen & Table Linen,https://www.daraz.com.np/kitchen-table-linens-accessories/?ajax=true&page=iterator&sort=order
Kitchen Storage & Accessories,https://www.daraz.com.np/kitchen-organizer-storage/?ajax=true&page=iterator&sort=order
Kitchen Utensils,https://www.daraz.com.np/kitchen-tools-accessories/?ajax=true&page=iterator&sort=order
Knives & Accessories,https://www.daraz.com.np/kitchen-knives-accessories/?ajax=true&page=iterator&sort=order
Serveware,https://www.daraz.com.np/serveware/?ajax=true&page=iterator&sort=order
Lighting,https://www.daraz.com.np/lighting/?ajax=true&page=iterator&sort=order
Ceiling Lights,https://www.daraz.com.np/ceiling-lights/?ajax=true&page=iterator&sort=order
Floor Lamps,https://www.daraz.com.np/floor-lamps/?ajax=true&page=iterator&sort=order
Lamp Shades,https://www.daraz.com.np/bedside-lamps/?ajax=true&page=iterator&sort=order
Light Bulbs,https://www.daraz.com.np/lighting-bulbs/?ajax=true&page=iterator&sort=order
Lighting Fixtures & Components,https://www.daraz.com.np/lighting-components/?ajax=true&page=iterator&sort=order
Outdoor Lighting,https://www.daraz.com.np/outdoor-lighting/?ajax=true&page=iterator&sort=order
Rechargeables & Flashlights,https://www.daraz.com.np/rechargeable-lights/?ajax=true&page=iterator&sort=order
Table Lamps,https://www.daraz.com.np/table-lamps/?ajax=true&page=iterator&sort=order
Laundry & Cleaning,https://www.daraz.com.np/laundry-cleaning/?ajax=true&page=iterator&sort=order
"Brushes, Sponges & Wipers",https://www.daraz.com.np/household-supplies/?ajax=true&page=iterator&sort=order
"Brooms, Mops & Sweepers",https://www.daraz.com.np/mops-refills-mop-sets/?ajax=true&page=iterator&sort=order
Laundry Baskets & Hampers,https://www.daraz.com.np/bathroom-baskets-trays/?ajax=true&page=iterator&sort=order
Clothes Line & Drying Racks,https://www.daraz.com.np/pegs-clothes-lines/?ajax=true&page=iterator&sort=order
"Tools, DIY & Outdoor",https://www.daraz.com.np/home-improvement-tools/?ajax=true&page=iterator&sort=order
Mask & Filters,https://www.daraz.com.np/masks-filters/?ajax=true&page=iterator&sort=order
Lawn & Garden,https://www.daraz.com.np/lawn-garden/?ajax=true&page=iterator&sort=order
Power Tools,https://www.daraz.com.np/power-tools/?ajax=true&page=iterator&sort=order
Fixtures & Plumbing,https://www.daraz.com.np/plumbing/?ajax=true&page=iterator&sort=order
Electrical,https://www.daraz.com.np/electrical-equipment/?ajax=true&page=iterator&sort=order
Security,https://www.daraz.com.np/security-system-hardware/?ajax=true&page=iterator&sort=order
Stationery & Craft,https://www.daraz.com.np/stationery-craft/?ajax=true&page=iterator&sort=order
Art Supplies,https://www.daraz.com.np/art-supplies/?ajax=true&page=iterator&sort=order
Gifts & Wrapping,https://www.daraz.com.np/gifts-wrapping/?ajax=true&page=iterator&sort=order
Packaging & Cartons,https://www.daraz.com.np/packaging-products/?ajax=true&page=iterator&sort=order
Paper Products,https://www.daraz.com.np/paper-products/?ajax=true&page=iterator&sort=order
School & Office Equipment,https://www.daraz.com.np/school-supplies/?ajax=true&page=iterator&sort=order
Writing & Correction,https://www.daraz.com.np/writing-utensils/?ajax=true&page=iterator&sort=order
"Media, Music & Books",https://www.daraz.com.np/books-games-music/?ajax=true&page=iterator&sort=order
Books,https://www.daraz.com.np/books-magazines/?ajax=true&page=iterator&sort=order
Magazines,https://www.daraz.com.np/magazines/?ajax=true&page=iterator&sort=order
Musical Instruments,https://www.daraz.com.np/musical-instruments/?ajax=true&page=iterator&sort=order
Guitars,https://www.daraz.com.np/guitars/?ajax=true&page=iterator&sort=order
Bass Guitars,https://www.daraz.com.np/bass-guitars/?ajax=true&page=iterator&sort=order
Drums & Percussion,https://www.daraz.com.np/drums-percussion/?ajax=true&page=iterator&sort=order
Keyboards & Pianos,https://www.daraz.com.np/keyboards-pianos/?ajax=true&page=iterator&sort=order
Guitar & Bass Accessories,https://www.daraz.com.np/guitar-bass-accessories-instruments/?ajax=true&page=iterator&sort=order
Digital Goods,https://www.daraz.com.np/digital-goods/?ajax=true&page=iterator&sort=order
Home Services,https://www.daraz.com.np/home-services/?ajax=true&page=iterator&sort=order
Activities & Entertainment,https://www.daraz.com.np/dg-activities-ent/?ajax=true&page=iterator&sort=order
Beauty & Wellness,https://www.daraz.com.np/dg-beauty-well/?ajax=true&page=iterator&sort=order
Food & Beverage,https://www.daraz.com.np/dg-food-bev/?ajax=true&page=iterator&sort=order
Hotels & Travel,https://www.daraz.com.np/dg-hotel-tra/?ajax=true&page=iterator&sort=order
Men Shoes & Clothing,https://www.daraz.com.np/mens-sports/?ajax=true&page=iterator&sort=order
Clothing,https://www.daraz.com.np/men-sports-clothing/?ajax=true&page=iterator&sort=order
Shoes,https://www.daraz.com.np/mens-sports-shoes/?ajax=true&page=iterator&sort=order
Accessories,https://www.daraz.com.np/men-sports-clothing-accessories/?ajax=true&page=iterator&sort=order
Bags,https://www.daraz.com.np/mens-sports-bags/?ajax=true&page=iterator&sort=order
Women Shoes & Clothing,https://www.daraz.com.np/womens-sports/?ajax=true&page=iterator&sort=order
Clothing,https://www.daraz.com.np/women-sports-clothing/?ajax=true&page=iterator&sort=order
Shoes,https://www.daraz.com.np/womens-sports-shoes/?ajax=true&page=iterator&sort=order
Accessories,https://www.daraz.com.np/women-sport-clothing-accessories/?ajax=true&page=iterator&sort=order
Bags,https://www.daraz.com.np/womens-sports-bags/?ajax=true&page=iterator&sort=order
Outdoor Recreation,https://www.daraz.com.np/outdoor-activities/?ajax=true&page=iterator&sort=order
Camping & Hiking,https://www.daraz.com.np/camping-hiking/?ajax=true&page=iterator&sort=order
Bikes,https://www.daraz.com.np/bikes/?ajax=true&page=iterator&sort=order
Bike lights & reflectors,https://www.daraz.com.np/lights/?ajax=true&page=iterator&sort=order
Fishing,https://www.daraz.com.np/outdoor-recreation-fishing/?ajax=true&page=iterator&sort=order
Golf,https://www.daraz.com.np/golf/?ajax=true&page=iterator&sort=order
Skateboards,https://www.daraz.com.np/skateboarding/?ajax=true&page=iterator&sort=order
Exercise & Fitness,https://www.daraz.com.np/exercise-fitness/?ajax=true&page=iterator&sort=order
Yoga,https://www.daraz.com.np/yoga/?ajax=true&page=iterator&sort=order
Fitness Accessories,https://www.daraz.com.np/weights-accessories/?ajax=true&page=iterator&sort=order
Cardio Equipment,https://www.daraz.com.np/cardio-training-equipment/?ajax=true&page=iterator&sort=order
Weights,https://www.daraz.com.np/weight-training/?ajax=true&page=iterator&sort=order
Water Sports,https://www.daraz.com.np/water-sports/?ajax=true&page=iterator&sort=order
Goggles,https://www.daraz.com.np/swimming-goggles/?ajax=true&page=iterator&sort=order
Diving and Snorkelling,https://www.daraz.com.np/diving-snorkeling/?ajax=true&page=iterator&sort=order
Racket Sports,https://www.daraz.com.np/racket-sports/?ajax=true&page=iterator&sort=order
Badminton,https://www.daraz.com.np/badminton/?ajax=true&page=iterator&sort=order
Table Tennis,https://www.daraz.com.np/table-tennis/?ajax=true&page=iterator&sort=order
Team Sports,https://www.daraz.com.np/team-sports/?ajax=true&page=iterator&sort=order
Football,https://www.daraz.com.np/football/?ajax=true&page=iterator&sort=order
Basketball,https://www.daraz.com.np/Basketball/?ajax=true&page=iterator&sort=order
Cricket,https://www.daraz.com.np/cricket/?ajax=true&page=iterator&sort=order
Water Bottles,https://www.daraz.com.np/sports-water-bottles/?ajax=true&page=iterator&sort=order
Travel & Luggage,https://www.daraz.com.np/travels/?ajax=true&page=iterator&sort=order
Suitcases,https://www.daraz.com.np/wheeled-non-wheeled-suitcases/?ajax=true&page=iterator&sort=order
Travel Accessories,https://www.daraz.com.np/travel-accessories/?ajax=true&page=iterator&sort=order
Sports Nutrition,https://www.daraz.com.np/sp-nutrition/?ajax=true&page=iterator&sort=order
Automotive,https://www.daraz.com.np/automotive/?ajax=true&page=iterator&sort=order
Auto Tools & Equipment,https://www.daraz.com.np/tools-equipment/?ajax=true&page=iterator&sort=order
Auto Parts & Spares,https://www.daraz.com.np/auto-parts-spares/?ajax=true&page=iterator&sort=order
GPS,https://www.daraz.com.np/car-gps/?ajax=true&page=iterator&sort=order
Consoles & Organizers,https://www.daraz.com.np/interior-exterior-accessories/?ajax=true&page=iterator&sort=order
Motorcycles,https://www.daraz.com.np/motorcycle/?ajax=true&page=iterator&sort=order
Standard Bikes,https://www.daraz.com.np/standard-bikes/?ajax=true&page=iterator&sort=order
Scooters,https://www.daraz.com.np/motorcycle-scooters/?ajax=true&page=iterator&sort=order
Electric Bikes,https://www.daraz.com.np/electric-motor-bikes/?ajax=true&page=iterator&sort=order
Auto Care,https://www.daraz.com.np/automotive-exterior-vehicle-care/?ajax=true&page=iterator&sort=order
Polishes & Waxes,https://www.daraz.com.np/car-polish/?ajax=true&page=iterator&sort=order
Floor Mats & Cargo Liners,https://www.daraz.com.np/floor-dashboard-mats/?ajax=true&page=iterator&sort=order
Air Fresheners,https://www.daraz.com.np/air-fresheners/?ajax=true&page=iterator&sort=order
Auto Electronics,https://www.daraz.com.np/car-electronics-accessories/?ajax=true&page=iterator&sort=order
Car Video,https://www.daraz.com.np/car-video/?ajax=true&page=iterator&sort=order
Car Stereo Receivers,https://www.daraz.com.np/panels-stereo-system/?ajax=true&page=iterator&sort=order
In-Dash DVD & Video,https://www.daraz.com.np/in-dash-dvd-video-receivers/?ajax=true&page=iterator&sort=order
Speakers,https://www.daraz.com.np/car-speakers/?ajax=true&page=iterator&sort=order
Moto Parts & Accessories,https://www.daraz.com.np/motorcycle-parts-spares/?ajax=true&page=iterator&sort=order
Drivetrain & Transmission,https://www.daraz.com.np/motorcycle-drivetrain-transmission/?ajax=true&page=iterator&sort=order
Tires & Wheels,https://www.daraz.com.np/wheels-tires/?ajax=true&page=iterator&sort=order
Moto Covers,https://www.daraz.com.np/motorcycle-covers/?ajax=true&page=iterator&sort=order
Parts & Spares,https://www.daraz.com.np/auto-parts-spares/?ajax=true&page=iterator&sort=order
Motorcycle Riding Gear,https://www.daraz.com.np/motorcycle-riding-gear/?ajax=true&page=iterator&sort=order
Eyewear,https://www.daraz.com.np/motorcycle-goggles/?ajax=true&page=iterator&sort=order
Face Masks,https://www.daraz.com.np/motorcycle-riding-gear-face-masks/?ajax=true&page=iterator&sort=order
Helmets,https://www.daraz.com.np/motorcycle-helmets/?ajax=true&page=iterator&sort=order
Gloves,https://www.daraz.com.np/motorcycle-gloves/?ajax=true&page=iterator&sort=order
Interior Accessories,https://www.daraz.com.np/interior-accessories/?ajax=true&page=iterator&sort=order
Auto Oils & Fluids,https://www.daraz.com.np/engine-oils-fluids/?ajax=true&page=iterator&sort=order
Auto Tires & Wheels,https://www.daraz.com.np/wheels-tires/?ajax=true&page=iterator&sort=order
Lubricants,https://www.daraz.com.np/car-care-lubricants/?ajax=true&page=iterator&sort=order
